	orf_name_a	gene_name_a	orf_name_b	gene_name_b	Zone	GI_PCC	CS_PCC	GE_PCC
2	R0020C	REP1	YGR048W	UFD1	C	NA	NA	NA
4	YAL008W	FUN14	YGL029W	CGR1	D	-0.0108	NA	NA
6	YAL016W	TPD3	YGR161C	RTS3	B	NA	NA	NA
9	YAL020C	ATS1	YBL071W-A	KTI11	C	0.12508	NA	NA
27	YAL034W-A	MTW1	YJL036W	SNX4	B	-0.02183	NA	0.2791
28	YAL034W-A	MTW1	YJR112W	NNF1	A	0.1643	NA	0.4549
30	YAL034W-A	MTW1	YLR052W	IES3	B	0.05378	NA	NA
31	YAL036C	RBG1	YBR270C	BIT2	D	-0.0174	0.308681142	NA
32	YAL036C	RBG1	YDR022C	ATG31	C	0.02532	0.129538776	NA
36	YAL036C	RBG1	YML088W	UFO1	C	0.06689	0.321841673	0.0923
38	YAL036C	RBG1	YOR279C	RFM1	C	0.0094	0.038176938	0.0605
39	YAL036C	RBG1	YPL018W	CTF19	C	0.00288	0.078296231	NA
40	YAL039C	CYC3	YDR175C	RSM24	C	0.04423	NA	0.2756
41	YAL039C	CYC3	YGR142W	BTN2	D	-0.02597	0.018410761	0.1233
42	YAL039C	CYC3	YNL189W	SRP1	C	0.08717	NA	0.0374
45	YAL041W	CDC24	YIL079C	AIR1	B	-0.00344	NA	0.2246
46	YAL042W	ERV46	YPR159W	KRE6	C	NA	NA	0.2268
47	YAL044W-A	BOL1	YDR098C	GRX3	D	-0.00246	NA	0.2528
49	YAL044W-A	BOL1	YIR018W	YAP5	D	-0.01835	NA	NA
52	YAL046C	BOL3	YDR098C	GRX3	D	0.02127	NA	NA
56	YAL054C	ACS1	YAR035W	YAT1	D	0.01514	0.00811015	0.4993
58	YAL054C	ACS1	YLR049C		D	0.00373	NA	NA
61	YAL055W	PEX22	YGR133W	PEX4	D	0.26518	0.668254626	NA
63	YAL062W	GDH3	YLR267W	BOP2	D	-0.02234	0.223089589	NA
64	YAL064W-B		YNR062C		D	NA	NA	NA
65	YAL067W-A		YDL116W	NUP84	C	0.04434	NA	NA
66	YAL068C	PAU8	YPL070W	MUK1	C	0.04051	-0.038996364	NA
68	YAR003W	SWD1	YDR140W	MTQ2	C	NA	NA	0.2357
69	YAR007C	RFA1	YER173W	RAD24	B	0.55237	NA	0.1756
70	YAR007C	RFA1	YJL173C	RFA3	A	NA	NA	0.4532
71	YAR007C	RFA1	YJR043C	POL32	B	0.36164	NA	0.425
72	YAR007C	RFA1	YNL312W	RFA2	A	NA	NA	0.6699
98	YAR027W	UIP3	YPR159W	KRE6	D	NA	NA	NA
104	YAR033W	MST28	YER032W	FIR1	D	0.09712	NA	NA
108	YAR035W	YAT1	YJR136C	TTI2	D	NA	NA	0.0563
112	YBL006C	LDB7	YJR011C		C	-0.07741	-0.164558088	NA
114	YBL009W	ALK2	YGL060W	YBP2	D	0.01328	-0.142919881	0.4011
115	YBL010C		YHL004W	MRP4	C	NA	NA	NA
116	YBL010C		YJR011C		D	-0.00593	-0.297422802	NA
118	YBL010C		YML064C	TEM1	D	-0.0092	NA	NA
122	YBL020W	RFT1	YDL088C	ASM4	C	-0.0408	NA	0.3954
134	YBL025W	RRN10	YFR050C	PRE4	B	NA	NA	0.4582
135	YBL025W	RRN10	YMR270C	RRN9	A	NA	NA	0.3647
137	YBL026W	LSM2	YDR378C	LSM6	A	0.42822	NA	NA
138	YBL026W	LSM2	YGR158C	MTR3	B	0.01255	NA	0.2312
139	YBL026W	LSM2	YLR275W	SMD2	A	0.13137	NA	0.6768
140	YBL026W	LSM2	YLR438C-A	LSM3	A	0.39296	NA	0.5513
141	YBL026W	LSM2	YOR159C	SME1	A	0.29686	NA	0.6322
142	YBL026W	LSM2	YPR178W	PRP4	A	0.37141	NA	-0.0185
143	YBL031W	SHE1	YDR192C	NUP42	C	0.01054	NA	NA
144	YBL031W	SHE1	YPL155C	KIP2	C	0.05246	0.3523751	0.3651
148	YBL037W	APL3	YFR043C	IRC6	C	NA	0.403953994	0.2413
152	YBL039W-B		YPR128C	ANT1	D	-0.06483	NA	NA
155	YBL043W	ECM13	YJR046W	TAH11	D	-0.00731	NA	NA
156	YBL043W	ECM13	YLR117C	CLF1	C	0.00417	NA	NA
157	YBL043W	ECM13	YLR435W	TSR2	D	-0.01314	NA	NA
158	YBL043W	ECM13	YOR115C	TRS33	C	-0.02173	0.10812097	NA
159	YBL043W	ECM13	YOR304C-A	BIL1	D	-0.01353	0.353711395	NA
164	YBL049W	MOH1	YOR275C	RIM20	C	-0.02406	0.216506202	0.3099
168	YBL056W	PTC3	YML088W	UFO1	C	NA	-0.177385356	NA
169	YBL057C	PTH2	YMR276W	DSK2	D	-0.01712	0.004302983	NA
170	YBL057C	PTH2	YPR174C		D	0.04735	-0.178407031	NA
176	YBL066C	SEF1	YPR040W	TIP41	D	-0.07645	-0.053683025	NA
177	YBL068W	PRS4	YKL181W	PRS1	D	NA	NA	NA
180	YBL078C	ATG8	YBR217W	ATG12	C	0.14554	0.272098714	0.381
182	YBL078C	ATG8	YNL223W	ATG4	D	0.11488	NA	0.5295
185	YBL081W		YBR165W	UBS1	D	0.02745	NA	0.1626
187	YBL081W		YDR142C	PEX7	D	0.02458	0.1879056	0.188
188	YBL081W		YGL181W	GTS1	D	0.06285	0.338509857	-0.0304
189	YBL081W		YLR291C	GCD7	C	-0.06066	NA	0.515
190	YBL081W		YML064C	TEM1	D	-0.08729	NA	0.3195
191	YBL081W		YPL174C	NIP100	C	0.01676	0.046710139	0.0524
192	YBL082C	ALG3	YCR094W	CDC50	D	0.00121	0.261954985	0.405
193	YBL090W	MRP21	YLR288C	MEC3	B	0.00295	NA	NA
194	YBL090W	MRP21	YML088W	UFO1	B	0.00612	NA	NA
201	YBL097W	BRN1	YDR439W	LRS4	B	0.43922	NA	NA
202	YBL098W	BNA4	YML130C	ERO1	C	0.00907	NA	0.0347
203	YBL098W	BNA4	YNL100W	MIC27	D	0.02986	0.183567462	0.2505
209	YBL107C	MIX23	YLR433C	CNA1	C	-0.00189	0.023734869	0.1745
210	YBR002C	RER2	YKR021W	ALY1	D	NA	NA	0.1422
211	YBR002C	RER2	YML064C	TEM1	D	NA	NA	0.3598
215	YBR007C	DSF2	YOR368W	RAD17	C	-0.02579	0.07596613	NA
217	YBR026C	ETR1	YDL043C	PRP11	C	0.07008	NA	0.0052
220	YBR030W	RKM3	YGL129C	RSM23	C	NA	NA	NA
224	YBR036C	CSG2	YNL125C	ESBP6	D	0.01678	0.197692833	NA
225	YBR036C	CSG2	YPR159W	KRE6	D	NA	NA	NA
230	YBR045C	GIP1	YLR288C	MEC3	B	NA	0.379376726	NA
231	YBR046C	ZTA1	YMR213W	CEF1	C	0.035	NA	0.0554
232	YBR047W	FMP23	YPL077C		D	-0.01378	-0.101756559	NA
234	YBR052C	RFS1	YIL103W	DPH1	B	0.02207	0.125747287	NA
235	YBR054W	YRO2	YML088W	UFO1	C	0.00986	-0.019560222	0.0275
239	YBR056W-A		YJR128W		D	NA	NA	NA
250	YBR058C-A	TSC3	YDR062W	LCB2	D	0.15207	NA	NA
251	YBR058C-A	TSC3	YGR038W	ORM1	D	-0.02983	NA	NA
252	YBR058C-A	TSC3	YLR350W	ORM2	D	-0.1458	NA	NA
257	YBR060C	ORC2	YDL111C	RRP42	B	0.03213	NA	0.4234
258	YBR060C	ORC2	YEL056W	HAT2	B	NA	NA	0.3825
259	YBR060C	ORC2	YLL004W	ORC3	A	0.51905	NA	0.3747
260	YBR060C	ORC2	YLR368W	MDM30	B	-0.00687	NA	0.3247
261	YBR060C	ORC2	YPR120C	CLB5	C	0.07584	NA	0.3072
262	YBR061C	TRM7	YMR055C	BUB2	D	0.01876	NA	0.2812
263	YBR068C	BAP2	YEL001C	IRC22	D	-0.00945	0.002166092	NA
264	YBR068C	BAP2	YPR170W-B		D	NA	NA	NA
265	YBR072C-A		YIR016W		D	NA	NA	NA
271	YBR077C	SLM4	YGR201C		C	NA	0.044496445	NA
272	YBR077C	SLM4	YKR007W	MEH1	A	0.43964	0.835715831	NA
282	YBR082C	UBC4	YER068W	MOT2	B	NA	NA	0.1499
283	YBR083W	TEC1	YDL013W	SLX5	C	-0.02021	NA	0.1368
284	YBR083W	TEC1	YGR048W	UFD1	C	-0.00171	NA	0.0792
286	YBR087W	RFC5	YJR068W	RFC2	A	0.35472	NA	0.3567
288	YBR088C	POL30	YER131W	RPS26B	C	-0.00769	NA	0.3063
289	YBR088C	POL30	YJR043C	POL32	C	0.07325	NA	0.6627
290	YBR088C	POL30	YMR137C	PSO2	D	0.01683	NA	-0.0541
293	YBR101C	FES1	YDR311W	TFB1	C	-0.03242	NA	0.3568
295	YBR103W	SIF2	YBR122C	MRPL36	B	-0.01206	NA	0.3388
296	YBR103W	SIF2	YBR282W	MRPL27	B	-0.03292	NA	0.2445
300	YBR103W	SIF2	YJL122W	ALB1	C	-0.02215	-0.112062564	-0.008
301	YBR103W	SIF2	YJR141W	IPA1	C	0.12606	NA	0.3337
302	YBR103W	SIF2	YLR407W		C	0.01755	-0.140779953	NA
305	YBR107C	IML3	YDR254W	CHL4	A	0.56022	0.36770095	NA
313	YBR109C	CMD1	YCL063W	VAC17	C	-0.09261	NA	-0.105
314	YBR109C	CMD1	YGL106W	MLC1	A	NA	NA	0.5777
316	YBR111C	YSA1	YOR368W	RAD17	C	0.00783	NA	0.0254
318	YBR111W-A	SUS1	YML051W	GAL80	C	-0.00773	NA	0.0058
319	YBR114W	RAD16	YJL036W	SNX4	B	-0.04005	0.074475298	0.4828
320	YBR114W	RAD16	YML095C	RAD10	B	0.03799	0.131983681	0.3411
321	YBR114W	RAD16	YPR083W	MDM36	C	0.03652	0.155910234	0.1689
322	YBR122C	MRPL36	YGL115W	SNF4	B	0.05235	NA	0.3143
324	YBR123C	TFC1	YKL078W	DHR2	C	4.00E-04	NA	0.1522
326	YBR123C	TFC1	YPL225W		C	0.04054	NA	0.1816
327	YBR125C	PTC4	YCL033C	MXR2	D	0.02613	0.322019975	0.0528
328	YBR125C	PTC4	YDR071C	PAA1	D	0.06955	0.219597958	0.2769
332	YBR126C	TPS1	YPL152W	RRD2	B	0.01243	NA	0.4126
334	YBR126W-A	MEO1	YPR174C		D	NA	NA	NA
335	YBR127C	VMA2	YGR117C		C	NA	NA	0.3688
336	YBR128C	ATG14	YPL120W	VPS30	A	0.05594	-0.087383407	0.5565
338	YBR130C	SHE3	YHR107C	CDC12	B	0.03677	NA	0.4003
340	YBR131W	CCZ1	YKR036C	CAF4	B	0.01329	-0.048448609	NA
341	YBR131W	CCZ1	YOR034C	AKR2	C	-0.00274	NA	NA
356	YBR141C	BMT2	YLR061W	RPL22A	C	0.02889	NA	NA
357	YBR146W	MRPS9	YGR158C	MTR3	B	0.01097	NA	0.2373
360	YBR152W	SPP381	YGR075C	PRP38	A	0.22696	NA	NA
365	YBR162W-A	YSY6	YDR160W	SSY1	D	NA	NA	NA
366	YBR162W-A	YSY6	YJR010C-A	SPC1	C	-0.01027	NA	NA
367	YBR162W-A	YSY6	YMR153W	NUP53	C	-0.02894	-0.061665351	NA
369	YBR165W	UBS1	YBR270C	BIT2	D	-0.02616	NA	NA
370	YBR165W	UBS1	YGL215W	CLG1	C	0.01419	NA	0.3325
371	YBR165W	UBS1	YGR158C	MTR3	C	0.00255	NA	0.2771
374	YBR167C	POP7	YDL159W	STE7	B	NA	NA	0.3484
375	YBR167C	POP7	YER094C	PUP3	B	-0.01218	NA	0.1294
376	YBR167C	POP7	YGR030C	POP6	A	0.10464	NA	NA
377	YBR168W	PEX32	YHR150W	PEX28	D	0.04024	NA	0.4099
380	YBR170C	NPL4	YDR130C	FIN1	C	-0.02034	0.100050498	NA
381	YBR170C	NPL4	YGR048W	UFD1	A	NA	NA	0.6565
382	YBR170C	NPL4	YIR015W	RPR2	B	NA	NA	0.1089
383	YBR170C	NPL4	YLR240W	VPS34	B	NA	NA	0.4701
384	YBR170C	NPL4	YMR068W	AVO2	B	-0.00187	-0.038770071	0.5138
385	YBR173C	UMP1	YGR057C	LST7	C	0.01729	0.247278101	0.1129
386	YBR175W	SWD3	YJR128W		C	NA	0.145981737	NA
387	YBR175W	SWD3	YKR081C	RPF2	B	-0.04255	NA	0.1729
389	YBR176W	ECM31	YGR048W	UFD1	C	-0.06594	NA	0.1742
394	YBR181C	RPS6B	YEL053C	MAK10	B	0.01652	NA	0.3566
395	YBR182C	SMP1	YER094C	PUP3	C	0.05594	NA	NA
397	YBR182C	SMP1	YKR027W	BCH2	C	0.01404	0.000665625	NA
398	YBR182C	SMP1	YLR368W	MDM30	C	-0.02495	NA	NA
400	YBR182C	SMP1	YNL193W		D	NA	0.238294563	NA
401	YBR182C	SMP1	YOR368W	RAD17	C	0.06442	0.055210782	NA
402	YBR182C	SMP1	YPL169C	MEX67	C	-0.01071	NA	NA
405	YBR187W	GDT1	YDR373W	FRQ1	D	-0.00674	NA	0.0182
411	YBR188C	NTC20	YMR213W	CEF1	A	0.30996	NA	NA
419	YBR195C	MSI1	YPR018W	RLF2	A	0.38328	0.468545468	0.4518
422	YBR199W	KTR4	YCL005W-A	VMA9	C	-0.01386	NA	0.0295
425	YBR203W	COS111	YOL054W	PSH1	C	-0.02835	0.104234811	NA
429	YBR212W	NGR1	YML088W	UFO1	C	-0.00487	0.065723542	0.1699
433	YBR217W	ATG12	YLL042C	ATG10	C	0.12528	0.217682558	NA
436	YBR217W	ATG12	YNR007C	ATG3	C	0.12152	0.38500412	0.34
437	YBR217W	ATG12	YPL149W	ATG5	A	0.11157	0.040366374	0.3489
442	YBR223C	TDP1	YGR048W	UFD1	C	-0.00501	NA	0.2716
443	YBR227C	MCX1	YHR033W		D	0.0483	0.156740541	NA
444	YBR228W	SLX1	YGR198W	YPP1	D	-0.00012	NA	0.1904
446	YBR228W	SLX1	YML064C	TEM1	D	0.03334	NA	0.1742
447	YBR230C	OM14	YNL100W	MIC27	D	-0.00911	0.046268086	NA
458	YBR233W-A	DAD3	YDR357C	CNL1	B	NA	NA	NA
459	YBR233W-A	DAD3	YLR313C	SPH1	B	NA	NA	NA
463	YBR237W	PRP5	YGR013W	SNU71	C	0.13409	NA	0.4656
476	YBR249C	ARO4	YGR168C		D	NA	0.288436584	NA
483	YBR255C-A	RCF3	YCL056C	PEX34	D	-0.0187	NA	NA
484	YBR255C-A	RCF3	YGR168C		D	0.0445	NA	NA
485	YBR255C-A	RCF3	YNL100W	MIC27	D	-0.00305	NA	0.3261
487	YBR257W	POP4	YCR020C-A	MAK31	B	NA	NA	NA
488	YBR257W	POP4	YDL159W	STE7	B	NA	NA	0.4626
489	YBR257W	POP4	YHR062C	RPP1	A	0.03362	NA	0.3166
490	YBR257W	POP4	YLR291C	GCD7	B	0.02895	NA	0.0856
491	YBR260C	RGD1	YDR200C	VPS64	C	0.05293	NA	0.2677
495	YBR260C	RGD1	YKR019C	IRS4	D	0.07575	0.074451786	NA
498	YBR260C	RGD1	YPL140C	MKK2	C	0.09016	0.265264218	0.3402
536	YBR264C	YPT10	YER136W	GDI1	C	0.00511	NA	0.0464
538	YBR268W	MRPL37	YNL185C	MRPL19	A	0.33361	NA	NA
539	YBR269C	SDH8	YKL075C		D	-0.00646	-0.067368934	0.1088
540	YBR270C	BIT2	YDR004W	RAD57	C	0.00818	0.119374219	NA
543	YBR270C	BIT2	YER094C	PUP3	C	0.00716	NA	NA
544	YBR270C	BIT2	YGL209W	MIG2	D	0.00175	-0.067725055	NA
545	YBR270C	BIT2	YIL103W	DPH1	C	0.05526	-0.036269277	NA
547	YBR270C	BIT2	YJR046W	TAH11	D	-0.00554	NA	NA
556	YBR273C	UBX7	YGR284C	ERV29	D	0.08748	-0.042221438	0.1666
557	YBR273C	UBX7	YJL048C	UBX6	D	0.04243	-0.100066081	NA
558	YBR273C	UBX7	YMR276W	DSK2	D	0.02455	-0.296964031	0.3719
559	YBR273C	UBX7	YPR113W	PIS1	D	NA	NA	-0.0661
563	YBR278W	DPB3	YDR121W	DPB4	A	0.22183	0.482880574	NA
565	YBR280C	SAF1	YNL141W	AAH1	C	0.01462	0.269251654	-0.4335
568	YBR282W	MRPL27	YDL087C	LUC7	B	0.03798	NA	0.1803
569	YBR282W	MRPL27	YDR079C-A	TFB5	B	0.06993	NA	0.3082
570	YBR282W	MRPL27	YGR158C	MTR3	B	-0.08442	NA	0.07
571	YBR282W	MRPL27	YJR046W	TAH11	C	-0.14954	NA	0.0772
572	YBR282W	MRPL27	YLR117C	CLF1	B	-0.01577	NA	0.2985
573	YBR282W	MRPL27	YLR119W	SRN2	B	-0.04054	NA	0.4088
574	YBR282W	MRPL27	YLR370C	ARC18	B	NA	NA	0.2195
575	YBR282W	MRPL27	YMR168C	CEP3	B	0.00679	NA	0.1598
576	YBR282W	MRPL27	YNL153C	GIM3	B	-0.04237	NA	0.2414
578	YBR284W		YLR368W	MDM30	C	0.04499	NA	0.2131
580	YBR288C	APM3	YGR261C	APL6	A	0.20518	0.916383675	NA
582	YBR298C-A		YCR020C-A	MAK31	C	NA	NA	NA
583	YCL005W-A	VMA9	YNL125C	ESBP6	C	0.0052	NA	-0.176
584	YCL009C	ILV6	YML088W	UFO1	C	0.02008	0.539008154	-0.1916
586	YCL017C	NFS1	YER094C	PUP3	C	0.02955	NA	0.2773
587	YCL017C	NFS1	YHL006C	SHU1	D	0.07856	NA	NA
588	YCL017C	NFS1	YJR011C		D	0.02321	NA	NA
589	YCL017C	NFS1	YLR201C	COQ9	D	0.0457	NA	0.133
590	YCL017C	NFS1	YMR239C	RNT1	C	0.04747	NA	0.0419
591	YCL017C	NFS1	YOR226C	ISU2	D	0.03203	NA	0.2421
592	YCL021W-A		YMR153W	NUP53	C	NA	NA	NA
609	YCL029C	BIK1	YLR385C	SWC7	B	0.03556	NA	0.2659
610	YCL029C	BIK1	YOR269W	PAC1	C	0.32319	NA	0.4101
611	YCL031C	RRP7	YPR040W	TIP41	C	NA	NA	0.3837
613	YCL032W	STE50	YLL049W	LDB18	D	-0.02177	0.165653553	NA
616	YCL033C	MXR2	YDR422C	SIP1	C	0.03637	-0.004249163	NA
617	YCL033C	MXR2	YER180C	ISC10	D	0.04128	0.151968935	NA
618	YCL033C	MXR2	YHR153C	SPO16	D	-0.00888	0.114659982	NA
619	YCL033C	MXR2	YIL008W	URM1	D	0.00777	NA	0.2225
620	YCL033C	MXR2	YJR046W	TAH11	D	0.00955	NA	-0.1126
621	YCL033C	MXR2	YJR070C	LIA1	D	0.05118	-0.188793813	-0.2225
626	YCL040W	GLK1	YDR516C	EMI2	D	0.05019	-0.012234571	NA
629	YCL043C	PDI1	YJL060W	BNA3	D	0.01512	NA	0.2696
630	YCL051W	LRE1	YDR523C	SPS1	D	0.0704	0.315041481	NA
631	YCL051W	LRE1	YML051W	GAL80	D	0.06523	0.087356146	NA
632	YCL051W	LRE1	YML064C	TEM1	D	0.04579	NA	NA
635	YCL055W	KAR4	YGL192W	IME4	D	0.03354	NA	0.0134
636	YCL055W	KAR4	YNL196C	SLZ1	D	0.00573	0.08811679	NA
641	YCL056C	PEX34	YMR256C	COX7	C	0.02292	NA	NA
642	YCL056C	PEX34	YNL100W	MIC27	D	-0.00338	0.044221909	NA
645	YCL057C-A	MIC10	YDL226C	GCS1	D	-0.0115	NA	-0.0628
646	YCL057C-A	MIC10	YGR235C	MIC26	D	NA	NA	0.4487
647	YCL057C-A	MIC10	YLR108C		D	NA	NA	NA
648	YCL057C-A	MIC10	YLR356W	ATG33	D	0.06991	NA	NA
649	YCL057C-A	MIC10	YNL100W	MIC27	D	NA	NA	0.4186
651	YCL059C	KRR1	YML093W	UTP14	C	0.24938	NA	0.6913
654	YCR003W	MRPL32	YML130C	ERO1	B	0.03243	NA	0.0729
662	YCR009C	RVS161	YDR388W	RVS167	D	0.17612	NA	0.3374
665	YCR009C	RVS161	YMR312W	ELP6	C	0.01926	NA	0.0421
668	YCR020C	PET18	YGL119W	COQ8	D	-0.04943	NA	0.2626
670	YCR020C-A	MAK31	YEL053C	MAK10	A	NA	0.456122067	NA
672	YCR020C-A	MAK31	YJR128W		C	-0.00736	-0.021203026	NA
674	YCR020C-A	MAK31	YPL173W	MRPL40	B	NA	NA	NA
675	YCR020W-B	HTL1	YFR004W	RPN11	B	0.0282	NA	NA
676	YCR020W-B	HTL1	YFR037C	RSC8	A	NA	NA	NA
680	YCR024C-A	PMP1	YJR010C-A	SPC1	C	-0.04289	NA	NA
681	YCR024C-A	PMP1	YJR152W	DAL5	D	0.01603	-0.123107069	NA
683	YCR028C-A	RIM1	YNL189W	SRP1	C	0.05855	NA	0.4352
684	YCR035C	RRP43	YGR095C	RRP46	A	NA	NA	0.617
690	YCR051W		YPL220W	RPL1A	C	-0.0757	-0.193122196	NA
693	YCR054C	CTR86	YDL230W	PTP1	D	0.02863	NA	0.0869
694	YCR054C	CTR86	YGR181W	TIM13	C	0.06173	NA	0.1525
696	YCR057C	PWP2	YLR409C	UTP21	A	-0.00269	NA	0.8925
698	YCR059C	YIH1	YHR193C	EGD2	C	0.02706	-0.114305659	0.2961
700	YCR060W	TAH1	YGR237C		C	0.04843	0.101042299	NA
702	YCR060W	TAH1	YKL117W	SBA1	C	-0.00297	-0.147102437	NA
704	YCR063W	BUD31	YGL127C	SOH1	B	NA	NA	0.1059
713	YCR068W	ATG15	YMR153W	NUP53	C	0.00086	-0.179292565	NA
715	YCR068W	ATG15	YNL125C	ESBP6	D	-0.03081	0.008124154	0.4428
718	YCR075W-A	EGO2	YEL020W-A	TIM9	C	NA	NA	NA
719	YCR075W-A	EGO2	YKR007W	MEH1	C	0.23407	NA	NA
720	YCR075W-A	EGO2	YMR213W	CEF1	C	0.05154	NA	NA
732	YCR086W	CSM1	YDR088C	SLU7	C	0.02823	NA	0.2441
733	YCR086W	CSM1	YDR439W	LRS4	A	0.69446	0.486428155	NA
737	YCR086W	CSM1	YFR028C	CDC14	B	0.04869	NA	0.3873
748	YCR086W	CSM1	YOL036W		C	0.02	0.052469387	0.0921
751	YCR086W	CSM1	YPL093W	NOG1	B	-0.00817	NA	0.0804
755	YCR095C	OCA4	YDR067C	OCA6	A	0.33775	0.769846235	0.5193
756	YCR095C	OCA4	YHL029C	OCA5	A	0.24265	0.85319292	0.2958
758	YCR095C	OCA4	YNL189W	SRP1	B	-0.00624	NA	0.0882
759	YCR095W-A		YDL226C	GCS1	D	-0.03685	NA	NA
760	YCR095W-A		YEL009C-A		D	NA	NA	NA
761	YCR099C		YPR017C	DSS4	D	-0.05917	-0.166444616	NA
779	YDL002C	NHP10	YER092W	IES5	A	0.57104	0.715906271	NA
781	YDL002C	NHP10	YLR052W	IES3	A	NA	NA	NA
782	YDL002C	NHP10	YNL084C	END3	B	NA	0.014750651	0.4089
783	YDL002C	NHP10	YOL069W	NUF2	B	-0.08251	NA	0.3592
784	YDL004W	ATP16	YPL271W	ATP15	A	NA	NA	NA
795	YDL013W	SLX5	YDL013W	SLX5	A	NA	NA	NA
796	YDL013W	SLX5	YDR148C	KGD2	B	-0.00489	NA	0.0909
799	YDL013W	SLX5	YJL110C	GZF3	C	0.00927	NA	NA
801	YDL013W	SLX5	YMR111C		C	0.00969	NA	0.604
802	YDL013W	SLX5	YOR285W	RDL1	C	-0.03011	NA	0.0458
803	YDL013W	SLX5	YOR368W	RAD17	B	0.01886	NA	0.2619
804	YDL015C	TSC13	YFR035C		D	0.0097	NA	NA
806	YDL015C	TSC13	YMR153W	NUP53	C	0.01386	NA	NA
807	YDL015C	TSC13	YNR039C	ZRG17	D	-0.01844	NA	0.2564
808	YDL015C	TSC13	YOL110W	SHR5	D	0.03916	NA	0.0438
818	YDL020C	RPN4	YML051W	GAL80	C	-0.02254	NA	0.1275
819	YDL022W	GPD1	YDR142C	PEX7	D	0.04643	0.053646589	0.1741
823	YDL039C	PRM7	YDR373W	FRQ1	D	-0.03872	NA	NA
824	YDL042C	SIR2	YOR279C	RFM1	B	NA	NA	0.2438
825	YDL043C	PRP11	YJL203W	PRP21	A	0.36872	NA	NA
826	YDL043C	PRP11	YLR291C	GCD7	B	-0.03706	NA	0.3444
827	YDL043C	PRP11	YML064C	TEM1	C	-0.01833	NA	0.4468
828	YDL043C	PRP11	YPL173W	MRPL40	B	0.02423	NA	0.2662
829	YDL044C	MTF2	YDL087C	LUC7	C	0.00959	NA	NA
830	YDL044C	MTF2	YDR422C	SIP1	C	0.03181	NA	NA
831	YDL044C	MTF2	YER094C	PUP3	C	0.0176	NA	NA
832	YDL044C	MTF2	YGR048W	UFD1	C	0.03897	NA	NA
833	YDL044C	MTF2	YJR046W	TAH11	D	0.03899	NA	NA
834	YDL044C	MTF2	YKR027W	BCH2	C	-0.00232	NA	NA
835	YDL044C	MTF2	YLR347C	KAP95	C	NA	NA	NA
837	YDL044C	MTF2	YMR055C	BUB2	D	0.01975	NA	NA
838	YDL044C	MTF2	YNL189W	SRP1	C	-0.03241	NA	NA
839	YDL044C	MTF2	YOR023C	AHC1	C	0.00813	NA	NA
841	YDL047W	SIT4	YKL192C	ACP1	C	NA	NA	0.1316
842	YDL049C	KNH1	YDL226C	GCS1	D	0.00429	0.029415053	0.016
843	YDL049C	KNH1	YJR110W	YMR1	D	0.01854	-0.015871527	0.1355
844	YDL049C	KNH1	YNL044W	YIP3	D	0.01154	0.318015482	0.0462
845	YDL049C	KNH1	YNL204C	SPS18	D	NA	0.127353361	NA
846	YDL049C	KNH1	YPL070W	MUK1	C	0.0602	-0.055490905	0.2223
847	YDL053C	PBP4	YER016W	BIM1	D	0.03949	-0.200794318	NA
848	YDL053C	PBP4	YGR178C	PBP1	D	0.1592	0.690179184	NA
849	YDL053C	PBP4	YHR121W	LSM12	D	0.10439	0.520602305	NA
850	YDL053C	PBP4	YIL105W-A		D	NA	NA	NA
855	YDL057W		YLR240W	VPS34	C	NA	NA	0.5504
873	YDL076C	RXT3	YMR168C	CEP3	B	0.00197	NA	0.2727
874	YDL077C	VAM6	YMR231W	PEP5	A	0.16005	NA	0.5732
878	YDL083C	RPS16B	YLR449W	FPR4	B	0.01876	NA	0.6194
880	YDL084W	SUB2	YDR381W	YRA1	A	0.43507	NA	0.2256
885	YDL087C	LUC7	YDL233W	MFG1	C	0.00644	NA	0.3652
886	YDL087C	LUC7	YDR404C	RPB7	B	-0.04791	NA	0.1343
887	YDL087C	LUC7	YHL006C	SHU1	C	0.00552	NA	NA
888	YDL087C	LUC7	YHR033W		C	0.02602	NA	NA
889	YDL087C	LUC7	YJR003C	MRX12	C	-0.01178	NA	NA
890	YDL087C	LUC7	YJR050W	ISY1	B	0.1993	NA	0.3181
891	YDL087C	LUC7	YKL078W	DHR2	C	-0.02759	NA	0.028
892	YDL087C	LUC7	YKL138C-A	HSK3	B	NA	NA	NA
893	YDL087C	LUC7	YLL007C	LMO1	C	-0.02751	NA	0.2589
894	YDL087C	LUC7	YLR291C	GCD7	B	-0.02959	NA	0.0647
895	YDL087C	LUC7	YMR213W	CEF1	B	0.12325	NA	0.3961
896	YDL087C	LUC7	YMR293C	HER2	C	0.06284	NA	0.3285
897	YDL087C	LUC7	YNL086W	SNN1	B	0.02646	NA	NA
898	YDL087C	LUC7	YOL024W		C	0.00014	NA	NA
899	YDL087C	LUC7	YOR060C	SLD7	C	NA	NA	0.5945
900	YDL087C	LUC7	YOR158W	PET123	B	NA	NA	0.2015
901	YDL087C	LUC7	YPL002C	SNF8	B	-0.0914	NA	0.2185
902	YDL087C	LUC7	YPL282C	PAU22	C	0.00935	NA	NA
903	YDL087C	LUC7	YPR083W	MDM36	C	0.01248	NA	0.2801
904	YDL088C	ASM4	YFR002W	NIC96	A	NA	NA	0.505
905	YDL088C	ASM4	YJL117W	PHO86	C	-0.03388	-0.001691576	0.2065
906	YDL088C	ASM4	YJR046W	TAH11	C	0.05679	NA	0.4184
907	YDL088C	ASM4	YLR201C	COQ9	C	-0.02103	0.133495137	0.1379
909	YDL088C	ASM4	YML051W	GAL80	C	0.02081	0.049941499	0.3058
910	YDL088C	ASM4	YML064C	TEM1	C	0.04389	NA	0.3147
911	YDL088C	ASM4	YMR153W	NUP53	A	0.25143	0.025752135	NA
912	YDL088C	ASM4	YPR017C	DSS4	C	0.02562	0.130654633	NA
913	YDL088C	ASM4	YPR054W	SMK1	B	-0.00014	0.06721938	0.2419
916	YDL089W	NUR1	YDR375C	BCS1	D	-0.00624	0.060950231	0.1973
919	YDL089W	NUR1	YNR039C	ZRG17	D	0.01604	0.083883555	0.2353
921	YDL090C	RAM1	YKL019W	RAM2	D	NA	NA	0.345
924	YDL092W	SRP14	YKL122C	SRP21	A	NA	NA	0.5175
925	YDL097C	RPN6	YDL242W		C	-0.04889	NA	NA
926	YDL097C	RPN6	YDR179C	CSN9	B	0.02111	NA	0.1913
928	YDL097C	RPN6	YJR055W	HIT1	C	-0.00537	NA	0.2751
929	YDL097C	RPN6	YKL222C		C	0.05037	NA	-0.0161
930	YDL097C	RPN6	YLR031W		C	-0.03318	NA	NA
931	YDL097C	RPN6	YLR313C	SPH1	B	-0.00266	NA	NA
932	YDL097C	RPN6	YLR315W	NKP2	B	-0.02086	NA	NA
933	YDL097C	RPN6	YLR408C	BLS1	C	0.05592	NA	NA
934	YDL097C	RPN6	YOR158W	PET123	B	NA	NA	0.3807
935	YDL098C	SNU23	YGL016W	KAP122	B	0.02968	NA	0.2745
936	YDL098C	SNU23	YGR075C	PRP38	A	0.20409	NA	0.3215
937	YDL098C	SNU23	YJR046W	TAH11	C	0.00126	NA	0.2239
938	YDL098C	SNU23	YLR291C	GCD7	B	-0.06773	NA	0.2816
939	YDL098C	SNU23	YML064C	TEM1	C	-0.02043	NA	0.1923
940	YDL098C	SNU23	YNL189W	SRP1	B	0.06581	NA	0.2449
941	YDL098C	SNU23	YOR226C	ISU2	C	0.02869	NA	0.1963
942	YDL098C	SNU23	YPL135W	ISU1	C	0.02809	NA	0.2344
971	YDL105W	NSE4	YDR288W	NSE3	A	0.37954	NA	0.1671
976	YDL108W	KIN28	YPR025C	CCL1	A	0.14342	NA	0.4777
977	YDL109C		YEL041W	YEF1	D	0.06462	0.145790867	NA
978	YDL110C	TMA17	YGL048C	RPT6	C	0.05589	NA	0.3904
981	YDL111C	RRP42	YGR158C	MTR3	A	0.39356	NA	0.621
982	YDL111C	RRP42	YGR195W	SKI6	A	0.44631	NA	0.6198
983	YDL113C	ATG20	YGL158W	RCK1	C	0.00598	0.153404989	NA
984	YDL113C	ATG20	YJL036W	SNX4	A	0.03693	-0.002461503	0.7048
985	YDL113C	ATG20	YLL004W	ORC3	B	-0.02029	NA	0.0723
986	YDL113C	ATG20	YNL086W	SNN1	B	0.01572	-0.020623466	NA
988	YDL116W	NUP84	YHR033W		C	0.03705	NA	NA
989	YDL116W	NUP84	YKR082W	NUP133	A	0.17114	NA	0.5666
990	YDL116W	NUP84	YNL258C	DSL1	B	NA	NA	0.548
994	YDL120W	YFH1	YNL204C	SPS18	D	NA	NA	NA
995	YDL125C	HNT1	YDL125C	HNT1	D	NA	NA	NA
997	YDL125C	HNT1	YHR106W	TRR2	D	-0.01134	0.136293904	NA
1004	YDL127W	PCL2	YMR068W	AVO2	B	0.01889	-0.09712108	0.0923
1008	YDL130W-A	STF1	YGR048W	UFD1	B	-0.01644	NA	NA
1009	YDL130W-A	STF1	YML064C	TEM1	C	0.01977	NA	NA
1010	YDL132W	CDC53	YDR328C	SKP1	A	NA	NA	0.3304
1011	YDL132W	CDC53	YLR224W	UCC1	B	0.05122	NA	NA
1015	YDL134C	PPH21	YGR161C	RTS3	B	-0.0058	-0.100869052	NA
1017	YDL134C	PPH21	YJR128W		C	-0.01529	0.036304851	NA
1018	YDL134C	PPH21	YKL156W	RPS27A	B	-0.00409	0.22882474	0.1589
1019	YDL134C	PPH21	YKL192C	ACP1	C	NA	NA	0.2955
1020	YDL134C	PPH21	YMR028W	TAP42	A	0.14272	NA	0.5257
1024	YDL139C	SCM3	YLR288C	MEC3	C	0.02212	NA	0.4594
1029	YDL147W	RPN5	YDR179C	CSN9	B	0.0523	NA	0.3095
1030	YDL147W	RPN5	YDR427W	RPN9	A	NA	NA	0.8004
1032	YDL147W	RPN5	YMR025W	CSI1	B	-0.02029	NA	NA
1039	YDL154W	MSH5	YGR013W	SNU71	C	-0.03681	NA	0.3166
1043	YDL157C		YNL100W	MIC27	D	0.02351	-0.018696025	0.083
1044	YDL159W	STE7	YPL243W	SRP68	B	NA	NA	0.1254
1048	YDL160C-A	MHF2	YDL242W		D	NA	NA	NA
1049	YDL160C-A	MHF2	YIR024C	INA22	D	NA	NA	NA
1050	YDL160C-A	MHF2	YOL086W-A	MHF1	D	-0.01691	NA	NA
1052	YDL161W	ENT1	YOR181W	LAS17	C	-0.00489	NA	0.4719
1060	YDL166C	FAP7	YPL268W	PLC1	D	NA	NA	0.2558
1062	YDL175C	AIR2	YLR291C	GCD7	B	0.03449	NA	0.09
1063	YDL175C	AIR2	YML064C	TEM1	C	-0.01027	NA	0.388
1064	YDL175C	AIR2	YPR120C	CLB5	C	0.00798	-0.009316782	0.328
1065	YDL179W	PCL9	YPL031C	PHO85	B	0.00432	NA	7.00E-04
1066	YDL181W	INH1	YML064C	TEM1	C	0.03031	NA	NA
1067	YDL183C		YML130C	ERO1	C	0.04241	NA	0.139
1069	YDL188C	PPH22	YJR128W		C	0.08628	-0.205053666	NA
1070	YDL188C	PPH22	YKL012W	PRP40	B	0.00365	NA	0.0264
1071	YDL188C	PPH22	YLR392C	ART10	C	-0.00867	-0.078406401	0.1139
1072	YDL188C	PPH22	YMR028W	TAP42	B	0.07861	NA	0.173
1073	YDL188C	PPH22	YPL152W	RRD2	A	0.02419	0.319698677	0.2972
1083	YDL200C	MGT1	YLR048W	RPS0B	C	0.01061	NA	NA
1091	YDL208W	NHP2	YLR175W	CBF5	A	-0.06292	NA	NA
1097	YDL214C	PRR2	YER094C	PUP3	C	-0.04202	NA	NA
1098	YDL214C	PRR2	YGL115W	SNF4	C	-0.01765	0.078926999	NA
1106	YDL226C	GCS1	YDL242W		D	0.01287	-0.008193281	NA
1107	YDL226C	GCS1	YDR281C	PHM6	D	-0.01016	0.061966637	NA
1108	YDL226C	GCS1	YER038W-A	FMP49	D	NA	-0.029966393	NA
1109	YDL226C	GCS1	YER044C	ERG28	D	NA	NA	0.0774
1111	YDL226C	GCS1	YGL161C	YIP5	D	-0.00309	0.055675737	NA
1113	YDL226C	GCS1	YGL209W	MIG2	D	-0.00291	-0.048117965	0.1637
1115	YDL226C	GCS1	YGR235C	MIC26	D	0.03417	-0.187655034	0.1134
1116	YDL226C	GCS1	YHL043W	ECM34	D	0.04059	-0.139910552	NA
1119	YDL226C	GCS1	YML030W	RCF1	D	-0.01277	-0.014640085	0.1053
1120	YDL226C	GCS1	YNL100W	MIC27	D	0.02127	-0.008355488	0.0227
1121	YDL226C	GCS1	YNR061C		D	-0.00906	0.134421285	NA
1123	YDL226C	GCS1	YOR223W	DSC3	D	0.01731	0.062032752	0.0398
1125	YDL226C	GCS1	YPL199C		D	-0.02904	-0.029260564	0.2917
1126	YDL226C	GCS1	YPL222W	FMP40	D	0.00382	0.065503215	-0.1704
1127	YDL226C	GCS1	YPR113W	PIS1	D	NA	NA	0.2683
1129	YDL230W	PTP1	YKL013C	ARC19	C	NA	NA	0.2241
1130	YDL232W	OST4	YER083C	GET2	B	0.01423	NA	NA
1131	YDL233W	MFG1	YDR388W	RVS167	D	-0.01252	NA	0.3802
1132	YDL233W	MFG1	YGR142W	BTN2	D	0.0246	0.206671128	0.317
1159	YDL242W		YGL119W	COQ8	D	NA	NA	NA
1160	YDL242W		YJL036W	SNX4	C	0.01476	-0.016819819	NA
1161	YDL242W		YLR315W	NKP2	C	-0.04299	NA	NA
1162	YDL242W		YNL193W		D	NA	0.092029704	NA
1163	YDL242W		YOL069W	NUF2	C	-0.04099	NA	NA
1164	YDL242W		YPL065W	VPS28	C	NA	-0.106553874	NA
1165	YDL243C	AAD4	YMR102C		D	-0.00553	0.030173511	0.1603
1170	YDR004W	RAD57	YDR076W	RAD55	A	0.45234	0.538834618	NA
1172	YDR006C	SOK1	YGL215W	CLG1	B	0.10788	0.316604883	0.4031
1174	YDR013W	PSF1	YJL072C	PSF2	A	0.34128	NA	0.4936
1175	YDR013W	PSF1	YOR115C	TRS33	B	-0.00954	NA	0.6121
1177	YDR013W	PSF1	YPR175W	DPB2	B	NA	NA	0.4002
1178	YDR014W-A	HED1	YGR042W	MTE1	D	NA	NA	NA
1179	YDR014W-A	HED1	YGR048W	UFD1	C	NA	NA	NA
1183	YDR016C	DAD1	YJR135C	MCM22	B	0.16302	NA	NA
1187	YDR020C	DAS2	YNR012W	URK1	D	0.03869	0.717284454	0.6046
1188	YDR022C	ATG31	YLR423C	ATG17	A	-0.03608	NA	NA
1199	YDR044W	HEM13	YDR077W	SED1	D	-0.01982	NA	NA
1200	YDR044W	HEM13	YIR018W	YAP5	D	0.00243	NA	NA
1203	YDR045C	RPC11	YIL152W		C	0.00901	NA	NA
1204	YDR045C	RPC11	YJR128W		C	-0.05215	NA	NA
1210	YDR059C	UBC5	YER068W	MOT2	B	NA	NA	0.052
1214	YDR067C	OCA6	YLR291C	GCD7	B	0.09323	NA	0.0595
1215	YDR067C	OCA6	YML064C	TEM1	C	-0.00565	NA	0.1189
1216	YDR067C	OCA6	YNL189W	SRP1	B	-0.0126	NA	0.1488
1217	YDR067C	OCA6	YOR185C	GSP2	B	0.02031	-0.176365591	0.1775
1218	YDR067C	OCA6	YPL070W	MUK1	B	-0.0111	0.097323869	0.4874
1220	YDR071C	PAA1	YER089C	PTC2	D	0.05738	0.231753387	0.0333
1221	YDR071C	PAA1	YGR205W	TDA10	D	0.0213	-0.118239912	0.1123
1224	YDR075W	PPH3	YKL192C	ACP1	C	NA	NA	-0.1383
1225	YDR075W	PPH3	YPR040W	TIP41	C	0.1365	0.14414661	0.2873
1227	YDR076W	RAD55	YIL132C	CSM2	C	0.09113	0.346667737	NA
1228	YDR076W	RAD55	YLR078C	BOS1	C	-0.0172	NA	NA
1229	YDR078C	SHU2	YHL006C	SHU1	D	0.09106	0.727147742	NA
1232	YDR078C	SHU2	YML051W	GAL80	D	-0.1054	0.161158292	0.0697
1233	YDR079C-A	TFB5	YLR292C	SEC72	B	0.02715	NA	0.4098
1234	YDR079C-A	TFB5	YLR433C	CNA1	B	0.05684	NA	0.0025
1235	YDR079C-A	TFB5	YPL122C	TFB2	A	0.04066	NA	0.0406
1236	YDR079C-A	TFB5	YPL188W	POS5	C	NA	NA	-0.035
1240	YDR084C	TVP23	YGL198W	YIP4	D	0.00739	0.251244954	0.5176
1243	YDR088C	SLU7	YDR416W	SYF1	C	0.19071	NA	0.4888
1244	YDR088C	SLU7	YGR074W	SMD1	C	0.0476	NA	0.3904
1277	YDR101C	ARX1	YJL122W	ALB1	C	0.08341	0.134491245	0.8403
1279	YDR106W	ARP10	YHR129C	ARP1	A	0.00154	NA	NA
1284	YDR121W	DPB4	YJL065C	DLS1	A	0.13082	0.007226532	NA
1289	YDR130C	FIN1	YER094C	PUP3	C	-0.02049	NA	NA
1290	YDR130C	FIN1	YJR011C		D	-0.00744	0.137894619	NA
1291	YDR130C	FIN1	YJR050W	ISY1	C	0.04134	0.056366031	NA
1292	YDR130C	FIN1	YOR185C	GSP2	C	-0.02638	-0.017156764	NA
1293	YDR130C	FIN1	YOR368W	RAD17	C	-0.02584	-0.162591305	NA
1295	YDR132C		YFL009W	CDC4	C	0.00104	NA	0.3216
1297	YDR132C		YHR170W	NMD3	C	-0.06454	NA	0.1692
1301	YDR137W	RGP1	YLR327C	TMA10	C	0.00102	NA	NA
1305	YDR140W	MTQ2	YNR046W	TRM112	D	NA	NA	0.352
1306	YDR142C	PEX7	YEL009C-A		D	NA	NA	NA
1308	YDR142C	PEX7	YGR067C		D	-0.04345	0.246941492	NA
1309	YDR142C	PEX7	YGR168C		D	NA	0.209190954	NA
1310	YDR142C	PEX7	YGR235C	MIC26	D	0.02582	-0.074028654	0.33
1311	YDR142C	PEX7	YGR239C	PEX21	D	0.06064	0.374904148	0.2851
1313	YDR142C	PEX7	YIL160C	POT1	D	0.00075	0.145414533	0.2896
1314	YDR142C	PEX7	YML030W	RCF1	D	0.00501	0.104542885	0.1938
1316	YDR142C	PEX7	YMR267W	PPA2	D	-0.06344	NA	0.3305
1317	YDR142C	PEX7	YNL100W	MIC27	D	-0.01824	0.222250957	0.5094
1318	YDR142C	PEX7	YNL214W	PEX17	C	0.00071	0.229411964	NA
1319	YDR142C	PEX7	YNL334C	SNO2	D	-0.01971	0.400677531	NA
1325	YDR148C	KGD2	YGR048W	UFD1	B	0.02757	NA	0.2225
1328	YDR152W	GIR2	YGR173W	RBG2	D	0.05822	0.163249009	0.6585
1330	YDR160W	SSY1	YJL057C	IKS1	D	NA	NA	0.2726
1331	YDR160W	SSY1	YNL234W		D	NA	NA	0.2623
1332	YDR160W	SSY1	YPL096C-A	ERI1	C	NA	NA	NA
1333	YDR161W	ACL4	YPL068C		D	-0.01038	NA	NA
1334	YDR165W	TRM82	YGR146C	ECL1	D	0.01921	-0.0105546	NA
1342	YDR173C	ARG82	YMR042W	ARG80	D	NA	NA	NA
1351	YDR175C	RSM24	YDR280W	RRP45	B	0.05046	NA	0.4001
1352	YDR175C	RSM24	YER094C	PUP3	B	-0.00416	NA	0.4288
1353	YDR175C	RSM24	YGL115W	SNF4	B	0.03866	NA	0.3659
1354	YDR175C	RSM24	YGR215W	RSM27	A	-0.01161	NA	0.4229
1355	YDR175C	RSM24	YJR046W	TAH11	C	0.03189	NA	0.2449
1356	YDR175C	RSM24	YKR027W	BCH2	B	0.00044	NA	0.1646
1357	YDR175C	RSM24	YLR048W	RPS0B	B	-0.00852	NA	0.1889
1358	YDR175C	RSM24	YMR130W		C	0.00437	NA	0.2847
1363	YDR179C	CSN9	YMR025W	CSI1	A	0.02389	-0.050340092	NA
1364	YDR181C	SAS4	YOR213C	SAS5	A	0.19229	0.689348728	0.3508
1365	YDR184C	ATC1	YDR439W	LRS4	C	0.04767	0.230798553	NA
1366	YDR184C	ATC1	YML051W	GAL80	D	-0.01554	0.148451364	NA
1367	YDR188W	CCT6	YMR211W	DML1	C	0.01284	NA	0.1857
1369	YDR189W	SLY1	YOR075W	UFE1	C	0.23207	NA	0.1974
1372	YDR192C	NUP42	YGR161W-C		C	0.04598	NA	NA
1374	YDR194C	MSS116	YKL075C		D	-0.02803	NA	0.3786
1376	YDR197W	CBS2	YOR368W	RAD17	C	0.02788	0.056435874	0.3285
1377	YDR200C	VPS64	YMR052W	FAR3	A	0.20526	NA	0.5473
1380	YDR201W	SPC19	YIR017C	MET28	B	-0.0489	NA	-0.011
1381	YDR201W	SPC19	YKL138C-A	HSK3	A	NA	NA	NA
1382	YDR201W	SPC19	YKR037C	SPC34	A	NA	NA	0.4484
1384	YDR201W	SPC19	YLR313C	SPH1	B	0.05001	NA	NA
1385	YDR201W	SPC19	YNL086W	SNN1	B	0.01048	NA	NA
1387	YDR202C	RAV2	YDR295C	HDA2	B	0.09294	-0.013601912	0.4059
1388	YDR202C	RAV2	YJL004C	SYS1	B	0.22962	0.584885126	0.271
1389	YDR205W	MSC2	YNR039C	ZRG17	D	0.12931	0.440064856	0.55
1406	YDR228C	PCF11	YLR108C		C	-0.01263	NA	NA
1407	YDR228C	PCF11	YMR213W	CEF1	B	0.02342	NA	0.185
1408	YDR228C	PCF11	YOR250C	CLP1	A	0.29131	NA	0.2423
1409	YDR228C	PCF11	YPL065W	VPS28	B	-0.03777	NA	0.3293
1416	YDR236C	FMN1	YNL125C	ESBP6	D	0.01192	NA	0.1806
1417	YDR240C	SNU56	YLR048W	RPS0B	B	0.00918	NA	0.0453
1419	YDR240C	SNU56	YNL189W	SRP1	B	0.02954	NA	0.3189
1420	YDR240C	SNU56	YPR178W	PRP4	B	0.11049	NA	0.3992
1426	YDR246W	TRS23	YDR472W	TRS31	A	0.0838	NA	0.1953
1427	YDR247W	VHS1	YPL173W	MRPL40	C	-0.02877	NA	0.2623
1428	YDR249C		YLR288C	MEC3	C	0.05181	0.264850741	0.4024
1429	YDR252W	BTT1	YER068W	MOT2	B	NA	NA	NA
1431	YDR252W	BTT1	YHR193C	EGD2	A	0.06584	0.056917005	NA
1432	YDR252W	BTT1	YJR011C		C	0.04427	-0.110506412	NA
1433	YDR254W	CHL4	YGR142W	BTN2	C	0.02599	0.197451728	0.1608
1434	YDR254W	CHL4	YOR368W	RAD17	B	-0.00834	0.213504678	0.414
1436	YDR255C	RMD5	YMR135C	GID8	A	0.32723	0.66904974	0.4629
1451	YDR260C	SWM1	YHR166C	CDC23	A	0.26526	NA	NA
1455	YDR265W	PEX10	YGR133W	PEX4	C	0.29241	0.784792711	0.356
1456	YDR265W	PEX10	YGR168C		C	0.0127	0.052801584	NA
1457	YDR265W	PEX10	YNL100W	MIC27	C	0.00407	0.060723648	0.3992
1459	YDR267C	CIA1	YOL111C	MDY2	B	-0.01444	NA	0.0354
1463	YDR279W	RNH202	YLR154C	RNH203	A	0.20655	0.079157439	NA
1464	YDR280W	RRP45	YGR195W	SKI6	A	0.19319	NA	0.6681
1465	YDR281C	PHM6	YNL044W	YIP3	D	-0.00789	-0.178513791	NA
1466	YDR281C	PHM6	YNL204C	SPS18	D	-0.00669	-0.057341761	NA
1473	YDR284C	DPP1	YPR159W	KRE6	D	NA	NA	0.2533
1474	YDR288W	NSE3	YLR007W	NSE1	A	0.35904	NA	0.4295
1475	YDR292C	SRP101	YKL154W	SRP102	D	0.32481	NA	0.484
1477	YDR295C	HDA2	YER180C-A	SLO1	C	0.03024	NA	NA
1478	YDR295C	HDA2	YLR117C	CLF1	B	-0.01407	NA	0.4876
1479	YDR295C	HDA2	YLR315W	NKP2	B	-0.00647	NA	NA
1480	YDR295C	HDA2	YMR002W	MIX17	C	-0.02934	0.025336214	0.1734
1481	YDR295C	HDA2	YMR052W	FAR3	B	-0.00741	-0.101378153	0.4397
1482	YDR295C	HDA2	YNL107W	YAF9	B	NA	NA	0.3718
1483	YDR295C	HDA2	YOL069W	NUF2	B	0.0748	NA	0.3152
1484	YDR295C	HDA2	YOR117W	RPT5	B	-0.03771	NA	0.331
1485	YDR295C	HDA2	YOR304C-A	BIL1	C	0.0901	0.173316879	NA
1486	YDR295C	HDA2	YPL121C	MEI5	C	0.11088	0.100587835	0.1177
1487	YDR295C	HDA2	YPR083W	MDM36	C	0.06083	0.279369632	0.3066
1494	YDR308C	SRB7	YHR148W	IMP3	B	NA	NA	0.1925
1495	YDR308C	SRB7	YJL036W	SNX4	B	-0.0144	NA	0.1216
1496	YDR308C	SRB7	YLR315W	NKP2	B	0.01709	NA	NA
1497	YDR308C	SRB7	YLR347C	KAP95	B	NA	NA	0.0775
1498	YDR308C	SRB7	YML051W	GAL80	C	-0.01659	NA	0.005
1499	YDR308C	SRB7	YNL086W	SNN1	B	0.03158	NA	NA
1500	YDR308C	SRB7	YNL189W	SRP1	B	0.00913	NA	0.155
1503	YDR308C	SRB7	YOR216C	RUD3	C	0.01556	NA	0.3641
1504	YDR308C	SRB7	YPL077C		C	-0.00835	NA	NA
1505	YDR311W	TFB1	YER134C		C	-0.00882	NA	0.0369
1506	YDR311W	TFB1	YGR005C	TFG2	B	0.12407	NA	0.4473
1508	YDR311W	TFB1	YHL004W	MRP4	B	NA	NA	0.0943
1511	YDR311W	TFB1	YLR288C	MEC3	B	0.01707	NA	0.5497
1512	YDR311W	TFB1	YLR423C	ATG17	B	0.00348	NA	0.3548
1513	YDR311W	TFB1	YML064C	TEM1	C	NA	NA	0.1791
1515	YDR311W	TFB1	YNL189W	SRP1	B	0.0307	NA	0.3459
1517	YDR311W	TFB1	YPL065W	VPS28	B	0.05637	NA	0.5051
1518	YDR312W	SSF2	YPR143W	RRP15	D	0.05173	NA	0.6734
1525	YDR317W	HIM1	YPL222W	FMP40	D	0.02296	0.037217148	NA
1526	YDR318W	MCM21	YNL189W	SRP1	B	0.07492	NA	0.1804
1527	YDR319C	YFT2	YGL209W	MIG2	D	-0.01938	-0.061337365	0.0106
1528	YDR320C-A	DAD4	YKL138C-A	HSK3	A	NA	NA	NA
1529	YDR320C-A	DAD4	YKR037C	SPC34	A	NA	NA	0.187
1531	YDR320C-A	DAD4	YLL049W	LDB18	C	NA	NA	NA
1532	YDR320C-A	DAD4	YLR313C	SPH1	B	NA	NA	NA
1533	YDR320C-A	DAD4	YNL086W	SNN1	B	NA	NA	NA
1535	YDR322C-A	TIM11	YML130C	ERO1	B	0.03553	NA	0.0169
1537	YDR323C	PEP7	YKL218C	SRY1	D	NA	NA	0.1705
1538	YDR323C	PEP7	YOR368W	RAD17	C	-0.04068	NA	0.4726
1542	YDR328C	SKP1	YGR222W	PET54	C	NA	NA	0.1185
1543	YDR328C	SKP1	YIL046W	MET30	A	NA	NA	0.2374
1544	YDR328C	SKP1	YLR097C	HRT3	A	NA	NA	0.2992
1545	YDR328C	SKP1	YLR224W	UCC1	B	NA	NA	NA
1546	YDR328C	SKP1	YLR267W	BOP2	C	NA	NA	NA
1550	YDR328C	SKP1	YML088W	UFO1	A	NA	NA	0.0333
1551	YDR328C	SKP1	YMR094W	CTF13	A	NA	NA	-0.0587
1552	YDR328C	SKP1	YMR258C	ROY1	A	NA	NA	0.1249
1553	YDR328C	SKP1	YOR158W	PET123	B	NA	NA	0.014
1559	YDR346C	SVF1	YIL132C	CSM2	D	9.00E-04	-0.023836902	NA
1560	YDR347W	MRP1	YJR101W	RSM26	A	0.04097	NA	0.6229
1561	YDR347W	MRP1	YNL135C	FPR1	B	-0.02723	NA	0.1053
1563	YDR351W	SBE2	YJR046W	TAH11	D	0.00589	NA	0.1205
1564	YDR351W	SBE2	YKL078W	DHR2	D	-0.01496	NA	0.1925
1565	YDR351W	SBE2	YML064C	TEM1	D	0.10801	NA	0.153
1569	YDR357C	CNL1	YEL005C	VAB2	A	NA	0.087230102	NA
1571	YDR357C	CNL1	YJL036W	SNX4	B	-0.00139	-0.073218564	0.2017
1573	YDR357C	CNL1	YML064C	TEM1	C	0.00965	NA	-0.0015
1574	YDR357C	CNL1	YPL225W		C	-0.00239	0.164962039	0.4972
1585	YDR364C	CDC40	YLR233C	EST1	B	-0.00942	NA	NA
1586	YDR364C	CDC40	YPR101W	SNT309	A	0.08823	NA	NA
1588	YDR367W	KEI1	YOL044W	PEX15	D	NA	NA	NA
1589	YDR367W	KEI1	YPR174C		D	NA	NA	NA
1590	YDR373W	FRQ1	YGL006W-A		D	0.01208	NA	NA
1592	YDR373W	FRQ1	YGR082W	TOM20	C	0.04523	NA	0.1647
1593	YDR373W	FRQ1	YHR139C	SPS100	D	0.00508	NA	NA
1594	YDR373W	FRQ1	YJL174W	KRE9	D	0.05566	NA	0.3092
1595	YDR373W	FRQ1	YLR099W-A	MIM2	D	NA	NA	NA
1596	YDR373W	FRQ1	YMR122W-A		D	0.01927	NA	NA
1598	YDR373W	FRQ1	YOL077W-A	ATP19	C	0.01092	NA	NA
1599	YDR373W	FRQ1	YOR003W	YSP3	D	0.00853	NA	0.1058
1600	YDR373W	FRQ1	YPL038W-A		D	0.03522	NA	NA
1601	YDR373W	FRQ1	YPR010C-A		D	NA	NA	NA
1604	YDR375C	BCS1	YDR375C	BCS1	D	NA	NA	NA
1605	YDR375C	BCS1	YGR026W		D	0.01813	0.026049026	0.0277
1606	YDR375C	BCS1	YGR284C	ERV29	D	0.04966	0.124597804	-0.0162
1607	YDR375C	BCS1	YJL097W	PHS1	D	0.01555	NA	-0.0259
1608	YDR375C	BCS1	YLR108C		D	0.00758	0.118804886	NA
1609	YDR375C	BCS1	YML031W	NDC1	C	NA	NA	0.308
1610	YDR375C	BCS1	YOR285W	RDL1	D	0.03287	-0.070451026	0.0877
1611	YDR375C	BCS1	YPR028W	YOP1	D	-0.02134	-0.148590349	0.1019
1613	YDR378C	LSM6	YER146W	LSM5	A	NA	NA	NA
1614	YDR378C	LSM6	YLR275W	SMD2	A	0.11228	NA	NA
1616	YDR378C	LSM6	YNL147W	LSM7	A	0.49016	NA	NA
1617	YDR378C	LSM6	YOR159C	SME1	A	0.1219	NA	NA
1618	YDR379C-A	SDH6	YKL075C		D	0.04534	NA	0.1052
1622	YDR386W	MUS81	YNL024C	EFM6	D	0.04833	0.055899624	0.0457
1623	YDR386W	MUS81	YPL108W		D	0.03087	0.022285233	0.2724
1628	YDR388W	RVS167	YIR018W	YAP5	D	-0.02641	NA	NA
1629	YDR388W	RVS167	YNL086W	SNN1	C	0.03693	NA	NA
1636	YDR395W	SXM1	YML094W	GIM5	C	0.01698	NA	0.4202
1641	YDR404C	RPB7	YJL140W	RPB4	A	NA	NA	0.3661
1644	YDR410C	STE14	YPL191C		D	NA	NA	0.0587
1651	YDR416W	SYF1	YHL004W	MRP4	B	NA	NA	0.1928
1655	YDR416W	SYF1	YMR124W	EPO1	C	-0.02689	NA	0.4753
1656	YDR416W	SYF1	YOR275C	RIM20	B	-0.02204	NA	0.501
1657	YDR416W	SYF1	YPL211W	NIP7	B	-0.00923	NA	0.165
1659	YDR422C	SIP1	YDR477W	SNF1	A	-0.02193	NA	NA
1660	YDR422C	SIP1	YDR516C	EMI2	C	0.03541	-0.196639392	NA
1662	YDR422C	SIP1	YOR018W	ROD1	C	0.02124	-0.079376096	NA
1666	YDR424C	DYN2	YHR005C	GPA1	B	NA	NA	-0.0472
1667	YDR424C	DYN2	YNL196C	SLZ1	C	0.0082	0.171658575	NA
1670	YDR425W	SNX41	YJL036W	SNX4	A	0.09918	0.292891229	0.6081
1671	YDR425W	SNX41	YJR110W	YMR1	C	-0.00661	0.027216028	0.6026
1673	YDR428C	BNA7	YOR157C	PUP1	C	0.0268	NA	0.0736
1679	YDR434W	GPI17	YNL125C	ESBP6	C	0.00639	NA	0.2035
1680	YDR436W	PPZ2	YPR005C	HAL1	D	-0.03342	0.109383689	NA
1681	YDR437W	GPI19	YER083C	GET2	B	0.09353	NA	NA
1684	YDR446W	ECM11	YEL005C	VAB2	C	-0.07108	0.277658765	NA
1685	YDR447C	RPS17B	YLR288C	MEC3	B	0.03805	-0.019378653	0.0074
1703	YDR449C	UTP6	YLR146W-A		C	NA	NA	NA
1705	YDR453C	TSA2	YLL029W	FRA1	D	0.02612	0.154861227	0.1579
1709	YDR462W	MRPL28	YPR083W	MDM36	C	-0.00129	0.076309763	0.2025
1710	YDR465C	RMT2	YEL054C	RPL12A	C	-0.04402	NA	0.4602
1711	YDR468C	TLG1	YML088W	UFO1	B	0.01681	NA	0.1363
1712	YDR469W	SDC1	YEL005C	VAB2	B	0.02673	0.081516069	NA
1717	YDR472W	TRS31	YML077W	BET5	A	0.10965	NA	0.4013
1721	YDR473C	PRP3	YPR178W	PRP4	A	0.41125	NA	0.4814
1726	YDR476C		YJR010C-A	SPC1	C	-0.00251	NA	NA
1728	YDR477W	SNF1	YGL115W	SNF4	A	0.44841	NA	3.00E-04
1729	YDR477W	SNF1	YGL179C	TOS3	C	-0.02618	NA	NA
1730	YDR477W	SNF1	YGL208W	SIP2	A	0.00721	NA	0.1666
1761	YDR480W	DIG2	YGR048W	UFD1	B	0.02405	NA	NA
1773	YDR484W	VPS52	YNL214W	PEX17	B	0.02149	-0.031241301	NA
1774	YDR484W	VPS52	YPR031W	NTO1	B	0.03833	0.084200473	0.4374
1776	YDR486C	VPS60	YLR356W	ATG33	D	-0.00379	-0.028019613	NA
1780	YDR489W	SLD5	YFR043C	IRC6	C	-0.00124	NA	0.2475
1784	YDR489W	SLD5	YPL135W	ISU1	C	0.00882	NA	0.1272
1788	YDR495C	VPS3	YMR231W	PEP5	A	0.17343	NA	0.4241
1789	YDR498C	SEC20	YGL145W	TIP20	A	0.1046	NA	0.1975
1791	YDR498C	SEC20	YOR075W	UFE1	A	0.143	NA	0.1483
1829	YDR517W	GRH1	YLR226W	BUR2	C	-0.01306	NA	0.1028
1830	YDR517W	GRH1	YOL129W	VPS68	C	-0.02597	-0.026767871	0.3037
1831	YDR517W	GRH1	YPR113W	PIS1	C	NA	NA	0.2645
1840	YDR523C	SPS1	YKL189W	HYM1	C	NA	NA	0.3047
1850	YEL005C	VAB2	YNL086W	SNN1	A	NA	0.394511088	NA
1852	YEL009C-A		YGR183C	QCR9	C	NA	NA	NA
1853	YEL009C-A		YJL205C	NCE101	D	NA	NA	NA
1855	YEL013W	VAC8	YGL068W	MNP1	C	NA	NA	0.2502
1857	YEL013W	VAC8	YMR251W-A	HOR7	D	-0.0054	0.05071417	NA
1858	YEL013W	VAC8	YPL135W	ISU1	D	-0.00035	-0.137614959	0.2212
1861	YEL015W	EDC3	YGL209W	MIG2	C	-0.02493	-0.112429165	0.1954
1867	YEL017W	GTT3	YPR174C		D	0.04542	0.179953041	NA
1868	YEL018W	EAF5	YNL136W	EAF7	A	0.56777	NA	NA
1871	YEL025C		YJR103W	URA8	D	-0.01291	0.251126848	NA
1872	YEL026W	SNU13	YLR197W	NOP56	A	0.37366	NA	0.7695
1873	YEL029C	BUD16	YIL113W	SDP1	D	NA	NA	-0.1405
1874	YEL029C	BUD16	YML064C	TEM1	D	NA	NA	0.2535
1875	YEL029C	BUD16	YNR027W	BUD17	D	NA	NA	0.4395
1876	YEL029C	BUD16	YOR385W		D	NA	NA	0.1216
1879	YEL037C	RAD23	YIL148W	RPL40A	B	-0.00106	-0.086802355	-0.0318
1880	YEL037C	RAD23	YPL096W	PNG1	C	0.05784	-0.034518633	0.2475
1881	YEL041W	YEF1	YGR246C	BRF1	C	NA	NA	0.2211
1883	YEL041W	YEF1	YLR347C	KAP95	C	NA	NA	-0.0305
1884	YEL041W	YEF1	YNL116W	DMA2	D	-0.03777	0.051102389	0.2182
1885	YEL041W	YEF1	YPL188W	POS5	D	NA	NA	0.222
1887	YEL042W	GDA1	YNL125C	ESBP6	D	0.0461	-0.000441778	-0.0804
1890	YEL044W	IES6	YNL059C	ARP5	C	NA	NA	0.0978
1893	YEL051W	VMA8	YGR020C	VMA7	A	0.27022	NA	0.5942
1899	YEL056W	HAT2	YPL001W	HAT1	A	NA	-0.031033052	0.2924
1902	YEL063C	CAN1	YML132W	COS3	D	NA	NA	NA
1904	YEL066W	HPA3	YGR048W	UFD1	C	0.01221	NA	-0.1261
1907	YER003C	PMI40	YGL017W	ATE1	D	NA	NA	0.0281
1908	YER007C-A	TMA20	YJR014W	TMA22	D	0.26825	0.772378063	0.6131
1909	YER007W	PAC2	YLR438C-A	LSM3	C	0.1257	NA	0.1552
1911	YER009W	NTF2	YGR029W	ERV1	D	NA	NA	0.4142
1912	YER009W	NTF2	YIR018W	YAP5	D	0.01031	NA	NA
1913	YER009W	NTF2	YLR335W	NUP2	C	0.35944	NA	0.1018
1914	YER009W	NTF2	YNL334C	SNO2	D	-0.03301	NA	NA
1915	YER009W	NTF2	YOR158W	PET123	C	NA	NA	0.0184
1920	YER016W	BIM1	YGL113W	SLD3	D	0.10469	NA	0.1706
1921	YER016W	BIM1	YKL091C		D	0.02927	-0.152081385	NA
1922	YER016W	BIM1	YKL099C	UTP11	D	NA	NA	NA
1923	YER016W	BIM1	YLR385C	SWC7	C	0.03115	-0.088162691	0.1737
1924	YER016W	BIM1	YNL073W	MSK1	D	NA	NA	0.0859
1928	YER020W	GPA2	YJL106W	IME2	D	NA	0.000619711	0.2499
1937	YER025W	GCD11	YJR007W	SUI2	A	0.01641	NA	0.6679
1939	YER026C	CHO1	YMR153W	NUP53	C	NA	NA	NA
1940	YER026C	CHO1	YOL044W	PEX15	D	NA	NA	NA
1959	YER068W	MOT2	YGL044C	RNA15	B	NA	NA	0.3684
1962	YER074W-A	YOS1	YNL024C-A	KSH1	D	NA	NA	0.5873
1963	YER079W		YNL154C	YCK2	D	-0.02447	-0.005784425	NA
1968	YER083C	GET2	YHR057C	CPR2	C	-0.0182	NA	0.3116
1969	YER083C	GET2	YHR213W-B		C	-0.00027	NA	NA
1970	YER083C	GET2	YLR162W		C	0.03184	NA	NA
1971	YER083C	GET2	YOL044W	PEX15	C	-0.01065	NA	NA
1972	YER083C	GET2	YPR010C-A		C	NA	NA	NA
1978	YER087C-B	SBH1	YJR010C-A	SPC1	B	0.06746	NA	NA
1982	YER092W	IES5	YLR423C	ATG17	B	0.02998	NA	NA
1983	YER094C	PUP3	YFL024C	EPL1	B	NA	NA	0.1569
1984	YER094C	PUP3	YGR057C	LST7	C	0.03766	NA	0.3413
1985	YER094C	PUP3	YLL027W	ISA1	C	0.04781	NA	0.208
1986	YER094C	PUP3	YLR119W	SRN2	B	0.00909	NA	0.1473
1987	YER094C	PUP3	YLR291C	GCD7	B	-0.05864	NA	0.2159
1988	YER094C	PUP3	YLR433C	CNA1	B	0.0178	NA	0.1896
1989	YER094C	PUP3	YML003W		C	0.00909	NA	NA
1990	YER094C	PUP3	YOR157C	PUP1	A	0.45521	NA	0.7654
1991	YER094C	PUP3	YOR313C	SPS4	C	-0.02935	NA	-0.1941
1992	YER094C	PUP3	YPL135W	ISU1	C	0.08596	NA	0.5103
1993	YER094C	PUP3	YPL173W	MRPL40	B	-0.00376	NA	0.4402
1994	YER094C	PUP3	YPL188W	POS5	C	NA	NA	0.2085
1996	YER095W	RAD51	YGR042W	MTE1	C	0.00883	NA	-0.0784
1997	YER095W	RAD51	YGR048W	UFD1	B	0.01086	NA	0.2006
2004	YER101C	AST2	YPR134W	MSS18	D	0.02298	NA	NA
2009	YER112W	LSM4	YLR264W	RPS28B	B	NA	NA	0.022
2010	YER112W	LSM4	YLR275W	SMD2	A	NA	NA	0.5236
2012	YER112W	LSM4	YNL147W	LSM7	A	NA	NA	NA
2013	YER116C	SLX8	YGR024C	THG1	C	NA	NA	NA
2014	YER116C	SLX8	YIL106W	MOB1	C	0.02961	NA	NA
2015	YER116C	SLX8	YKR035W-A	DID2	C	0.01684	NA	NA
2016	YER116C	SLX8	YML016C	PPZ1	C	0.00278	NA	NA
2017	YER116C	SLX8	YPL018W	CTF19	B	0.00486	NA	NA
2021	YER124C	DSE1	YML051W	GAL80	D	0.03721	-0.040882411	0.0242
2035	YER126C	NSA2	YPR017C	DSS4	C	NA	NA	NA
2036	YER127W	LCP5	YKL075C		C	0.03436	NA	0.3894
2038	YER127W	LCP5	YMR213W	CEF1	B	0.00466	NA	0.3344
2039	YER127W	LCP5	YMR232W	FUS2	C	-0.01331	NA	0.1012
2040	YER127W	LCP5	YNL086W	SNN1	B	0.03689	NA	NA
2041	YER127W	LCP5	YOR158W	PET123	B	NA	NA	0.0129
2042	YER128W	VFA1	YJR003C	MRX12	D	0.00251	0.233885536	NA
2043	YER128W	VFA1	YKR035W-A	DID2	D	0.03969	0.264194811	0.2004
2044	YER128W	VFA1	YLR181C	VTA1	D	0.0014	0.320786044	0.2616
2048	YER131W	RPS26B	YLR435W	TSR2	C	0.14922	NA	0.4205
2051	YER134C		YJL031C	BET4	D	NA	NA	0.0705
2052	YER134C		YML088W	UFO1	C	0.0144	0.095497282	-0.0465
2053	YER136W	GDI1	YFL005W	SEC4	B	0.36986	NA	0.4652
2054	YER136W	GDI1	YFL038C	YPT1	A	0.24184	NA	0.4339
2055	YER136W	GDI1	YOR089C	VPS21	C	0.02845	NA	0.381
2056	YER137C		YER137C		D	NA	NA	NA
2058	YER143W	DDI1	YIL148W	RPL40A	B	0.11495	0.019828452	-0.1923
2059	YER143W	DDI1	YJR141W	IPA1	C	-0.02131	NA	0.0958
2060	YER143W	DDI1	YLR203C	MSS51	C	-0.03792	0.112191073	0.2615
2064	YER146W	LSM5	YFL017W-A	SMX2	A	NA	NA	0.6403
2066	YER146W	LSM5	YLR275W	SMD2	A	NA	NA	0.426
2067	YER146W	LSM5	YLR438C-A	LSM3	A	NA	NA	0.5298
2068	YER146W	LSM5	YNL075W	IMP4	B	NA	NA	0.2833
2069	YER146W	LSM5	YNL147W	LSM7	A	NA	NA	NA
2070	YER149C	PEA2	YIR017C	MET28	B	0.03221	-0.089604679	0.1631
2071	YER149C	PEA2	YKL012W	PRP40	B	0.04303	NA	0.2407
2075	YER170W	ADK2	YLR048W	RPS0B	C	0.01364	NA	0.18
2076	YER170W	ADK2	YLR315W	NKP2	C	0.02017	NA	NA
2077	YER170W	ADK2	YNL189W	SRP1	C	-0.05026	NA	0.1095
2078	YER173W	RAD24	YNL290W	RFC3	A	NA	NA	0.2132
2079	YER173W	RAD24	YOL094C	RFC4	A	0.20541	NA	0.3772
2092	YFL010C	WWM1	YML051W	GAL80	D	0.01844	-0.1584238	0.1954
2101	YFL017W-A	SMX2	YOR159C	SME1	A	NA	NA	0.4648
2102	YFL017W-A	SMX2	YPR182W	SMX3	A	NA	NA	0.6468
2103	YFL018C	LPD1	YGR193C	PDX1	A	0.09354	NA	0.4069
2106	YFL024C	EPL1	YHR090C	YNG2	A	NA	NA	0.5226
2107	YFL027C	GYP8	YNL100W	MIC27	D	0.06984	-0.01365311	0.2054
2112	YFL037W	TUB2	YOR265W	RBL2	C	0.05198	NA	0.1312
2119	YFL039C	ACT1	YNL078W	NIS1	C	-0.04763	NA	0.091
2126	YFL059W	SNZ3	YFL060C	SNO3	D	NA	NA	0.688
2132	YFL059W	SNZ3	YNL334C	SNO2	D	NA	NA	NA
2134	YFL060C	SNO3	YLR291C	GCD7	C	-0.05738	NA	0.038
2136	YFL060C	SNO3	YMR096W	SNZ1	D	-0.00477	NA	0.2084
2137	YFL060C	SNO3	YMR239C	RNT1	C	0.02087	NA	-0.0052
2138	YFL060C	SNO3	YNL333W	SNZ2	D	0.00897	NA	NA
2143	YFR004W	RPN11	YOR026W	BUB3	B	0.04708	NA	0.0537
2150	YFR015C	GSY1	YJL137C	GLG2	D	-0.01465	-0.122946449	0.2884
2151	YFR015C	GSY1	YLR258W	GSY2	D	0.02734	0.177010841	0.6464
2152	YFR015C	GSY1	YOR060C	SLD7	D	NA	NA	0.0017
2153	YFR015C	GSY1	YPL173W	MRPL40	C	0.00351	NA	0.1543
2155	YFR021W	ATG18	YPL166W	ATG29	C	0.07714	-0.228298013	0.1788
2156	YFR022W	ROG3	YHR097C		D	0.02246	-0.017310118	NA
2157	YFR022W	ROG3	YLR183C	TOS4	D	-0.0189	0.203134554	NA
2158	YFR022W	ROG3	YOL051W	GAL11	C	NA	NA	NA
2165	YFR027W	ECO1	YGR198W	YPP1	D	0.01876	NA	0.1662
2167	YFR027W	ECO1	YLR117C	CLF1	C	-0.00995	NA	0.3293
2168	YFR027W	ECO1	YLR291C	GCD7	C	-0.01912	NA	0.1844
2169	YFR027W	ECO1	YML064C	TEM1	D	0.07526	NA	0.1771
2170	YFR027W	ECO1	YOL054W	PSH1	C	0.01116	NA	0.3663
2173	YFR035C		YPR174C		D	-9.00E-05	0.559200165	NA
2176	YFR037C	RSC8	YMR091C	NPL6	A	NA	NA	0.4946
2178	YFR043C	IRC6	YJR058C	APS2	C	NA	0.047285613	0.1957
2179	YFR043C	IRC6	YLR170C	APS1	C	0.00824	0.259925855	0.2211
2181	YFR046C	CNN1	YPR120C	CLB5	C	-0.0076	0.153399078	NA
2185	YFR049W	YMR31	YOR047C	STD1	C	-0.01288	-0.157841824	-0.3656
2186	YFR050C	PRE4	YGR067C		C	-0.02086	NA	NA
2187	YFR051C	RET2	YNL258C	DSL1	B	NA	NA	0.1001
2189	YGL001C	ERG26	YOL073C	DSC2	D	0.0139	NA	0.083
2190	YGL004C	RPN14	YGL048C	RPT6	C	0.03784	NA	0.2548
2192	YGL007C-A		YGL209W	MIG2	D	0.00959	NA	NA
2193	YGL010W	MPO1	YJR010C-A	SPC1	C	0.02937	NA	NA
2196	YGL017W	ATE1	YLR409C	UTP21	C	NA	NA	0.1882
2197	YGL017W	ATE1	YPL188W	POS5	D	NA	NA	0.2514
2199	YGL019W	CKB1	YLL027W	ISA1	C	-0.02166	NA	0.046
2200	YGL019W	CKB1	YLR183C	TOS4	C	0.06566	0.009133112	NA
2201	YGL019W	CKB1	YOR061W	CKA2	A	0.26065	0.254751266	0.5118
2202	YGL019W	CKB1	YOR158W	PET123	B	NA	0.150506271	0.0079
2203	YGL019W	CKB1	YPL173W	MRPL40	B	0.01507	NA	0.3699
2212	YGL041C-B		YGL263W	COS12	D	NA	NA	NA
2213	YGL041W-A		YGL209W	MIG2	D	NA	NA	NA
2214	YGL041W-A		YGR106C	VOA1	D	NA	NA	NA
2215	YGL041W-A		YHR180W		D	NA	NA	NA
2218	YGL044C	RNA15	YOR023C	AHC1	B	0.0572	NA	0.2651
2228	YGL054C	ERV14	YHR036W	BRL1	D	0.08122	NA	0.2286
2230	YGL054C	ERV14	YJR010C-A	SPC1	C	0.00631	NA	NA
2231	YGL054C	ERV14	YNL173C	MDG1	D	-0.04215	-0.122742036	NA
2235	YGL061C	DUO1	YKL138C-A	HSK3	A	NA	NA	NA
2236	YGL061C	DUO1	YKR037C	SPC34	A	NA	NA	NA
2237	YGL068W	MNP1	YNL153C	GIM3	B	NA	NA	0.3088
2238	YGL068W	MNP1	YPL077C		C	NA	NA	NA
2239	YGL070C	RPB9	YHR184W	SSP1	C	0.0162	NA	0.329
2242	YGL079W	KXD1	YGR113W	DAM1	B	0.02166	NA	0.1257
2243	YGL079W	KXD1	YJR112W	NNF1	B	-0.02013	NA	0.2593
2244	YGL080W	MPC1	YLR356W	ATG33	D	-0.02974	-0.058066578	NA
2246	YGL087C	MMS2	YMR140W	SIP5	A	0.11208	0.136580659	0.0406
2247	YGL090W	LIF1	YJL023C	PET130	C	NA	-0.106725382	NA
2248	YGL090W	LIF1	YLR183C	TOS4	C	-0.02413	0.135766666	NA
2252	YGL091C	NBP35	YML051W	GAL80	D	0.02045	NA	0.1284
2253	YGL091C	NBP35	YPL018W	CTF19	C	0.0333	NA	NA
2255	YGL093W	SPC105	YIR010W	DSN1	C	0.43379	NA	0.3403
2257	YGL095C	VPS45	YGL161C	YIP5	C	0.05595	NA	NA
2258	YGL095C	VPS45	YHR116W	COX23	C	-0.03191	NA	0.2255
2259	YGL095C	VPS45	YJR135C	MCM22	B	-0.01513	NA	NA
2264	YGL106W	MLC1	YMR163C	INP2	C	NA	NA	0.0327
2265	YGL110C	CUE3	YGR013W	SNU71	C	0.01667	NA	0.4121
2266	YGL112C	TAF6	YMR236W	TAF9	A	0.41606	NA	0.516
2269	YGL112C	TAF6	YPL077C		C	-0.00927	NA	NA
2270	YGL113W	SLD3	YOL054W	PSH1	C	0.0899	NA	0.3222
2271	YGL113W	SLD3	YOR260W	GCD1	C	0.00912	NA	0.1988
2272	YGL113W	SLD3	YPL204W	HRR25	C	0.03236	NA	0.2374
2273	YGL115W	SNF4	YGL208W	SIP2	A	-0.02268	-0.236097361	0.086
2275	YGL115W	SNF4	YJL144W		C	0.01621	0.033605361	NA
2276	YGL115W	SNF4	YJR096W		C	0.01263	0.04643891	0.1299
2278	YGL115W	SNF4	YMR291W	TDA1	C	0.02023	0.016688092	0.1428
2280	YGL115W	SNF4	YNR071C		C	-0.00338	-0.064623776	0.03
2281	YGL115W	SNF4	YOL128C	YGK3	C	-0.06684	-0.097674624	NA
2282	YGL115W	SNF4	YPL149W	ATG5	B	0.02974	-0.202664332	0.2275
2283	YGL115W	SNF4	YPL278C		C	NA	NA	NA
2284	YGL116W	CDC20	YJL030W	MAD2	A	-0.00292	NA	0.197
2285	YGL117W		YNL116W	DMA2	D	0.00975	0.100349669	NA
2286	YGL119W	COQ8	YNL211C	MRX7	D	-0.00179	NA	NA
2287	YGL121C	GPG1	YMR210W	MGL2	D	-0.00987	-0.158894914	NA
2298	YGL124C	MON1	YMR232W	FUS2	C	-0.00978	-0.197415493	NA
2319	YGL153W	PEX14	YNL086W	SNN1	B	0.06722	0.03351429	NA
2326	YGL155W	CDC43	YKL019W	RAM2	D	0.08141	NA	0.3898
2331	YGL158W	RCK1	YOR237W	HES1	D	0.00752	0.367950028	NA
2332	YGL161C	YIP5	YGL198W	YIP4	D	0.066	0.599665467	NA
2333	YGL161C	YIP5	YHR105W	YPT35	D	0.01084	-0.147844309	NA
2334	YGL161C	YIP5	YNL204C	SPS18	D	0.00137	0.047638216	NA
2335	YGL161C	YIP5	YPL191C		D	-0.01639	0.182896209	NA
2347	YGL174W	BUD13	YIR005W	IST3	A	0.708	NA	0.3415
2348	YGL174W	BUD13	YLR368W	MDM30	B	-0.00956	NA	0.4877
2349	YGL174W	BUD13	YOL159C-A		C	-0.01884	NA	NA
2355	YGL176C		YPR110C	RPC40	C	NA	NA	NA
2366	YGL181W	GTS1	YPR166C	MRP2	C	NA	0.015499327	-0.0224
2372	YGL190C	CDC55	YHL006C	SHU1	C	0.03478	NA	NA
2375	YGL194C-A		YJR015W		D	NA	NA	NA
2376	YGL194C-A		YMR153W	NUP53	C	NA	NA	NA
2377	YGL194C-A		YNR039C	ZRG17	D	NA	NA	NA
2378	YGL194C-A		YPR174C		D	NA	NA	NA
2381	YGL209W	MIG2	YGL209W	MIG2	D	NA	NA	NA
2382	YGL209W	MIG2	YGR152C	RSR1	C	0.00023	-0.044849012	0.1369
2383	YGL209W	MIG2	YGR213C	RTA1	D	-0.03529	0.038677549	0.0752
2384	YGL209W	MIG2	YJL124C	LSM1	C	-0.0376	-0.106082726	0.057
2385	YGL209W	MIG2	YJR108W	ABM1	D	-0.00532	0.138431688	NA
2386	YGL209W	MIG2	YKL007W	CAP1	C	-0.07153	-0.149712093	0.0339
2387	YGL209W	MIG2	YKL180W	RPL17A	C	0.00957	NA	0.0887
2388	YGL209W	MIG2	YKR083C	DAD2	C	-0.01058	NA	0.0538
2389	YGL209W	MIG2	YLR048W	RPS0B	C	-0.00242	NA	0.0986
2390	YGL209W	MIG2	YLR212C	TUB4	C	-0.05372	NA	0.1275
2391	YGL209W	MIG2	YLR246W	ERF2	D	0.007	0.228504059	0.1661
2392	YGL209W	MIG2	YML012W	ERV25	C	0.00145	-0.061346198	-0.0298
2393	YGL209W	MIG2	YML041C	VPS71	C	-0.00773	-0.308610198	0.0957
2394	YGL209W	MIG2	YML128C	MSC1	D	0.02421	NA	-0.1077
2395	YGL209W	MIG2	YNR035C	ARC35	C	-0.0211	NA	0.053
2396	YGL209W	MIG2	YOL038W	PRE6	C	-0.00761	NA	0.0323
2397	YGL209W	MIG2	YOR071C	NRT1	D	-0.04398	0.001825646	0.1051
2398	YGL209W	MIG2	YOR304C-A	BIL1	D	0.02065	0.127928005	NA
2399	YGL211W	NCS6	YIL008W	URM1	D	0.49632	NA	NA
2400	YGL211W	NCS6	YJR011C		D	-0.0131	NA	NA
2401	YGL211W	NCS6	YLR291C	GCD7	C	0.03243	NA	NA
2402	YGL211W	NCS6	YNL153C	GIM3	C	-0.03251	NA	NA
2404	YGL215W	CLG1	YGR067C		C	0.06232	0.08055275	NA
2405	YGL215W	CLG1	YPL031C	PHO85	B	0.043	NA	0.1033
2410	YGL222C	EDC1	YLR264W	RPS28B	C	0.00229	NA	NA
2417	YGL225W	VRG4	YPR159W	KRE6	D	NA	NA	0.4706
2433	YGL238W	CSE1	YML094W	GIM5	C	-0.07036	NA	0.2154
2439	YGL243W	TAD1	YHL006C	SHU1	D	-0.03154	0.001036052	NA
2448	YGL252C	RTG2	YNL076W	MKS1	A	0.38602	-0.197899824	0.4112
2449	YGL252C	RTG2	YOR385W		C	0.0014	0.047876145	0.1103
2453	YGL263W	COS12	YNR039C	ZRG17	D	0.00978	-0.174323564	-0.0211
2454	YGR002C	SWC4	YGR158C	MTR3	B	-0.02884	NA	0.1975
2455	YGR002C	SWC4	YJL036W	SNX4	B	0.03174	NA	0.4661
2456	YGR002C	SWC4	YNL107W	YAF9	A	-0.02271	NA	0.5062
2457	YGR002C	SWC4	YPR083W	MDM36	C	-0.00464	NA	0.3399
2458	YGR003W	CUL3	YOL133W	HRT1	B	NA	NA	0.3845
2459	YGR003W	CUL3	YOR385W		C	0.05005	0.024860139	0.1959
2462	YGR010W	NMA2	YGR048W	UFD1	C	NA	NA	0.3412
2473	YGR018C		YGR142W	BTN2	D	-0.01364	0.249478731	NA
2474	YGR018C		YLR291C	GCD7	C	0.02857	NA	NA
2475	YGR018C		YML051W	GAL80	D	0.06766	0.040643161	NA
2476	YGR020C	VMA7	YHR060W	VMA22	C	-0.00199	NA	0.4253
2485	YGR028W	MSP1	YNL189W	SRP1	C	0.05761	NA	0.1684
2487	YGR034W	RPL26B	YLR212C	TUB4	B	NA	NA	NA
2488	YGR034W	RPL26B	YNL153C	GIM3	B	-0.03677	NA	NA
2489	YGR034W	RPL26B	YPL208W	RKM1	B	-0.05558	0.075364299	NA
2490	YGR035C		YLR288C	MEC3	C	0.0255	0.022454993	NA
2493	YGR038W	ORM1	YPR159W	KRE6	D	NA	NA	0.1607
2495	YGR040W	KSS1	YJR030C	RBH2	D	0.03751	NA	0.2642
2500	YGR048W	UFD1	YGR048W	UFD1	A	NA	NA	NA
2501	YGR048W	UFD1	YGR249W	MGA1	C	0.00577	NA	NA
2502	YGR048W	UFD1	YHR107C	CDC12	B	0.0317	NA	0.1856
2503	YGR048W	UFD1	YHR113W	APE4	C	0.13173	NA	0.2542
2504	YGR048W	UFD1	YJL110C	GZF3	C	-0.03181	NA	NA
2505	YGR048W	UFD1	YJR056C		C	-0.01787	NA	NA
2506	YGR048W	UFD1	YKR034W	DAL80	C	-0.00676	NA	0.1119
2507	YGR048W	UFD1	YLR328W	NMA1	C	-0.00631	NA	0.045
2508	YGR048W	UFD1	YLR345W		C	-0.01955	NA	0.5106
2509	YGR048W	UFD1	YML064C	TEM1	C	NA	NA	-0.0078
2510	YGR048W	UFD1	YMR052W	FAR3	B	0.06237	NA	0.3507
2511	YGR048W	UFD1	YMR144W	FDO1	C	0.00438	NA	0.1021
2512	YGR048W	UFD1	YMR153W	NUP53	B	-0.02003	NA	NA
2513	YGR048W	UFD1	YMR233W	TRI1	C	-0.05079	NA	0.0027
2514	YGR048W	UFD1	YNL042W	BOP3	C	-0.02502	NA	0.1934
2515	YGR048W	UFD1	YNL155W	CUZ1	C	-0.03927	NA	0.6593
2516	YGR048W	UFD1	YNR012W	URK1	C	-0.01352	NA	-0.0931
2517	YGR048W	UFD1	YOR284W	HUA2	C	NA	NA	NA
2518	YGR048W	UFD1	YOR285W	RDL1	C	NA	NA	0.237
2519	YGR048W	UFD1	YOR368W	RAD17	B	-0.03289	NA	0.3037
2520	YGR048W	UFD1	YPL049C	DIG1	B	0.00348	NA	NA
2521	YGR048W	UFD1	YPL192C	PRM3	C	-0.00716	NA	NA
2523	YGR048W	UFD1	YPL280W	HSP32	C	0.07217	NA	NA
2524	YGR048W	UFD1	YPR182W	SMX3	B	-0.02872	NA	0.1119
2526	YGR049W	SCM4	YLR356W	ATG33	D	-0.00107	-0.147026993	NA
2527	YGR052W	FMP48	YLR183C	TOS4	D	0.04478	0.365780989	NA
2528	YGR052W	FMP48	YOR158W	PET123	C	NA	0.043146365	0.1217
2529	YGR052W	FMP48	YPL173W	MRPL40	C	-0.04885	NA	0.1308
2530	YGR057C	LST7	YHR067W	HTD2	D	0.00674	-0.124937502	0.3519
2531	YGR057C	LST7	YIL076W	SEC28	C	-0.0338	0.15983989	NA
2533	YGR057C	LST7	YJR046W	TAH11	D	0.00047	NA	0.2419
2535	YGR057C	LST7	YLR291C	GCD7	C	0.05342	NA	0.1398
2536	YGR057C	LST7	YLR376C	PSY3	D	0.0141	0.234384072	NA
2537	YGR057C	LST7	YML064C	TEM1	D	NA	NA	0.1547
2538	YGR057C	LST7	YML095C	RAD10	C	-0.05307	0.007893508	0.5015
2539	YGR057C	LST7	YOR180C	DCI1	D	0.01052	-0.059798505	0.2281
2549	YGR068C	ART5	YLR145W	RMP1	C	0.01801	NA	0.0913
2552	YGR074W	SMD1	YLR275W	SMD2	A	NA	NA	0.5877
2553	YGR074W	SMD1	YOR194C	TOA1	C	0.01953	NA	0.433
2555	YGR076C	MRPL25	YPL173W	MRPL40	A	NA	NA	0.6763
2556	YGR078C	PAC10	YGR286C	BIO2	C	0.01556	NA	0.2085
2557	YGR078C	PAC10	YLR200W	YKE2	A	0.58682	NA	0.4408
2558	YGR078C	PAC10	YLR291C	GCD7	B	-0.02793	NA	0.5334
2559	YGR078C	PAC10	YML094W	GIM5	A	NA	NA	0.6046
2560	YGR078C	PAC10	YPL188W	POS5	C	NA	NA	0.0626
2562	YGR082W	TOM20	YOR158W	PET123	B	NA	NA	0.3955
2575	YGR099W	TEL2	YOR158W	PET123	B	NA	NA	0.185
2578	YGR102C	GTF1	YLR288C	MEC3	C	0.02969	NA	0.255
2579	YGR102C	GTF1	YMR293C	HER2	D	0.02408	NA	0.1321
2580	YGR104C	SRB5	YHR041C	SRB2	A	NA	NA	0.0736
2581	YGR105W	VMA21	YJL163C		D	0.03079	NA	-0.2033
2582	YGR108W	CLB1	YKL049C	CSE4	C	0.01877	NA	NA
2585	YGR113W	DAM1	YKL138C-A	HSK3	A	NA	NA	NA
2586	YGR113W	DAM1	YKR037C	SPC34	A	NA	NA	0.3577
2589	YGR113W	DAM1	YOR158W	PET123	B	NA	NA	0.1838
2592	YGR119C	NUP57	YKL057C	NUP120	A	0.0196	NA	0.5606
2594	YGR119C	NUP57	YLR288C	MEC3	B	0.05316	NA	0.5491
2613	YGR122W		YMR077C	VPS20	B	0.38137	0.479197765	0.2866
2616	YGR128C	UTP8	YNL086W	SNN1	B	0.02187	NA	NA
2617	YGR128C	UTP8	YPL126W	NAN1	A	NA	NA	0.85
2618	YGR129W	SYF2	YJR003C	MRX12	C	0.0759	0.216521691	NA
2619	YGR129W	SYF2	YMR213W	CEF1	A	0.20142	NA	0.4092
2622	YGR133W	PEX4	YGR235C	MIC26	D	-0.00628	-0.249100237	0.1297
2623	YGR133W	PEX4	YNL100W	MIC27	D	0.0331	0.115136221	0.105
2628	YGR142W	BTN2	YJR128W		D	-0.0035	-0.148670359	NA
2629	YGR142W	BTN2	YLR351C	NIT3	D	0.01405	0.271364567	-0.1729
2632	YGR142W	BTN2	YMR075W	RCO1	C	-0.03468	-0.010412178	0.1802
2633	YGR142W	BTN2	YMR213W	CEF1	C	-0.00159	NA	0.1402
2634	YGR142W	BTN2	YNL055C	POR1	D	-0.00646	NA	0.0637
2635	YGR142W	BTN2	YOR217W	RFC1	C	-0.02293	NA	0.0165
2636	YGR143W	SKN1	YOL002C	IZH2	D	0.05454	0.020403418	0.2598
2641	YGR146C	ECL1	YLR291C	GCD7	C	0.02099	NA	NA
2642	YGR146C	ECL1	YML051W	GAL80	D	0.02949	0.092183722	NA
2643	YGR146C	ECL1	YOR368W	RAD17	C	0.01398	0.319190038	NA
2644	YGR146C	ECL1	YPL070W	MUK1	C	0.08663	0.055231759	NA
2645	YGR148C	RPL24B	YKR048C	NAP1	B	-0.00238	0.018244173	0.3291
2647	YGR153W		YML088W	UFO1	C	0.02383	0.079769469	NA
2648	YGR158C	MTR3	YGR195W	SKI6	A	0.31379	NA	0.6812
2649	YGR158C	MTR3	YIL092W		C	0.03171	NA	NA
2650	YGR158C	MTR3	YJR046W	TAH11	C	0.05021	NA	0.222
2651	YGR158C	MTR3	YKL204W	EAP1	B	-0.02614	NA	0.1362
2652	YGR158C	MTR3	YLR345W		C	0.01541	NA	-0.2924
2653	YGR158C	MTR3	YNL232W	CSL4	A	0.4768	NA	0.5727
2654	YGR158C	MTR3	YOR158W	PET123	B	NA	NA	0.03
2655	YGR158C	MTR3	YOR259C	RPT4	B	0.00337	NA	0.2665
2656	YGR158C	MTR3	YPL173W	MRPL40	B	0.05835	NA	0.2402
2657	YGR161W-C		YLR335W	NUP2	C	0.02642	NA	NA
2659	YGR168C		YGR168C		D	NA	NA	NA
2660	YGR168C		YGR177C	ATF2	D	0.03408	0.24842605	NA
2661	YGR168C		YGR183C	QCR9	C	0.0417	0.09859621	NA
2662	YGR168C		YIL065C	FIS1	D	0.01387	0.069694342	NA
2663	YGR168C		YJL136C	RPS21B	C	NA	NA	NA
2664	YGR168C		YJL147C	MRX5	D	NA	0.038605751	NA
2665	YGR168C		YJL185C	ATG36	D	NA	0.085693566	NA
2666	YGR168C		YJL205C	NCE101	D	NA	0.227142116	NA
2667	YGR168C		YKL018C-A		D	0.00527	NA	NA
2668	YGR168C		YKR057W	RPS21A	C	0.10688	NA	NA
2669	YGR168C		YMR115W	MGR3	C	NA	0.061034621	NA
2670	YGR168C		YNL093W	YPT53	D	NA	0.062860361	NA
2671	YGR168C		YNL131W	TOM22	C	NA	NA	NA
2672	YGR168C		YOL147C	PEX11	D	NA	-0.19684855	NA
2673	YGR168C		YOR089C	VPS21	D	0.05706	-0.012852143	NA
2674	YGR168C		YOR368W	RAD17	C	0.00508	0.092504416	NA
2675	YGR168C		YPL112C	PEX25	D	0.01574	0.069835545	NA
2676	YGR168C		YPR128C	ANT1	D	NA	0.216136858	NA
2684	YGR178C	PBP1	YHR121W	LSM12	D	0.16278	0.428661894	0.2121
2685	YGR178C	PBP1	YIL105W-A		D	NA	NA	NA
2687	YGR179C	OKP1	YJL036W	SNX4	B	0.0054	NA	0.4014
2691	YGR181W	TIM13	YHR033W		C	0.0128	0.21881105	NA
2695	YGR193C	PDX1	YLR288C	MEC3	B	-0.02002	-0.022177788	0.3702
2696	YGR195W	SKI6	YHR069C	RRP4	A	0.30606	NA	0.5462
2698	YGR195W	SKI6	YML064C	TEM1	C	-0.08997	NA	0.2711
2700	YGR195W	SKI6	YPR045C	THP3	C	0.04359	NA	0.0225
2701	YGR198W	YPP1	YKL204W	EAP1	C	-0.03225	NA	0.1306
2702	YGR198W	YPP1	YLR264W	RPS28B	C	-0.00097	NA	0.1991
2703	YGR198W	YPP1	YLR281C		D	0.0369	NA	-0.1767
2708	YGR205W	TDA10	YMR315W		D	0.0226	-0.019908185	0.2307
2709	YGR207C	CIR1	YPR004C	AIM45	D	-0.00167	0.054730959	0.5767
2711	YGR210C		YNL072W	RNH201	C	-0.00941	0.124459001	0.365
2714	YGR214W	RPS0A	YKR057W	RPS21A	A	0.32522	NA	0.7983
2715	YGR214W	RPS0A	YOR158W	PET123	B	NA	0.10215176	-0.012
2716	YGR215W	RSM27	YJL124C	LSM1	B	0.00688	NA	0.3754
2722	YGR222W	PET54	YHL003C	LAG1	D	0.04652	-0.116293101	0.215
2723	YGR222W	PET54	YPR159W	KRE6	D	NA	NA	-0.0324
2731	YGR235C	MIC26	YIL065C	FIS1	D	0.04625	-0.240056465	0.5223
2732	YGR235C	MIC26	YJL112W	MDV1	D	0.08563	0.073011563	0.4807
2733	YGR235C	MIC26	YJL136C	RPS21B	C	0.04073	NA	0.0121
2734	YGR235C	MIC26	YJL185C	ATG36	D	0.0056	-0.318468044	NA
2735	YGR235C	MIC26	YKL018C-A		D	NA	NA	NA
2736	YGR235C	MIC26	YML030W	RCF1	D	0.00062	-0.039867121	0.4943
2737	YGR235C	MIC26	YML051W	GAL80	D	-0.06334	0.00774457	0.1429
2738	YGR235C	MIC26	YML064C	TEM1	D	0.00686	NA	-0.0154
2739	YGR235C	MIC26	YNL189W	SRP1	C	-0.05248	NA	0.3313
2740	YGR235C	MIC26	YOL147C	PEX11	D	-0.04112	-0.027926845	0.3159
2741	YGR235C	MIC26	YOR089C	VPS21	D	-0.00026	-0.267290413	0.567
2742	YGR235C	MIC26	YOR368W	RAD17	C	0.03969	-0.209266436	0.3063
2743	YGR235C	MIC26	YPL112C	PEX25	D	0.0547	0.265528569	0.2933
2744	YGR235C	MIC26	YPR128C	ANT1	D	0.02149	0.309516489	0.2802
2746	YGR238C	KEL2	YNL182C	IPI3	B	0.01358	NA	0.1481
2747	YGR239C	PEX21	YIL160C	POT1	D	0.00106	0.109635253	0.1756
2748	YGR239C	PEX21	YLR291C	GCD7	C	-0.06484	NA	0.0042
2749	YGR239C	PEX21	YML051W	GAL80	D	-0.02051	0.06394074	0.001
2750	YGR239C	PEX21	YMR267W	PPA2	D	-0.05059	NA	0.0595
2758	YGR249W	MGA1	YML088W	UFO1	C	0.02742	-0.261957445	NA
2760	YGR250C	RIE1	YJR128W		D	0.07709	-0.13356896	NA
2764	YGR261C	APL6	YNL164C	IBD2	C	-0.00607	NA	0.0785
2768	YGR262C	BUD32	YKR038C	KAE1	A	-0.02946	NA	0.551
2769	YGR262C	BUD32	YNL153C	GIM3	B	0.04698	NA	0.4626
2777	YGR268C	HUA1	YHL002W	HSE1	D	-0.04464	-0.103184683	0.4204
2779	YGR268C	HUA1	YJR128W		D	-0.02532	0.04669469	NA
2780	YGR268C	HUA1	YLL039C	UBI4	D	0.01149	0.049867825	0.4349
2782	YGR268C	HUA1	YML097C	VPS9	D	0.00988	-0.16665522	-0.0442
2783	YGR268C	HUA1	YMR137C	PSO2	D	-0.00438	-0.038203471	0.1714
2787	YGR268C	HUA1	YPL002C	SNF8	C	-0.00366	0.095710767	0.3378
2789	YGR280C	PXR1	YKR092C	SRP40	D	NA	NA	0.6658
2790	YGR280C	PXR1	YLL004W	ORC3	C	NA	NA	0.2992
2791	YGR280C	PXR1	YLR197W	NOP56	C	NA	NA	0.6184
2792	YGR280C	PXR1	YPL222W	FMP40	D	NA	NA	-0.1829
2794	YGR286C	BIO2	YNL189W	SRP1	C	0.02747	NA	0.1362
2802	YHL004W	MRP4	YHR033W		C	NA	NA	NA
2803	YHL004W	MRP4	YIL103W	DPH1	B	NA	NA	0.1333
2804	YHL004W	MRP4	YIR010W	DSN1	B	NA	NA	0.2017
2806	YHL004W	MRP4	YLR102C	APC9	B	NA	NA	NA
2807	YHL004W	MRP4	YLR385C	SWC7	B	NA	NA	0.1125
2809	YHL004W	MRP4	YML088W	UFO1	B	NA	NA	0.1564
2810	YHL004W	MRP4	YML121W	GTR1	B	NA	NA	0.223
2811	YHL004W	MRP4	YMR232W	FUS2	C	NA	NA	-0.0124
2812	YHL004W	MRP4	YNL086W	SNN1	B	NA	NA	NA
2813	YHL004W	MRP4	YOR158W	PET123	A	NA	NA	0.522
2815	YHL004W	MRP4	YPL173W	MRPL40	B	NA	NA	0.6695
2817	YHL006C	SHU1	YIL132C	CSM2	D	0.07895	0.683474808	NA
2818	YHL006C	SHU1	YIL152W		D	0.03398	0.261362715	NA
2819	YHL006C	SHU1	YJR141W	IPA1	D	-0.07371	NA	NA
2820	YHL006C	SHU1	YKL183W	LOT5	D	0.00108	-0.003210949	NA
2821	YHL006C	SHU1	YKR083C	DAD2	C	0.0407	NA	NA
2824	YHL006C	SHU1	YML064C	TEM1	D	0.01961	NA	NA
2829	YHL010C	ETP1	YHL010C	ETP1	D	NA	NA	NA
2831	YHL012W		YML051W	GAL80	D	0.01843	0.004490904	NA
2842	YHL021C	AIM17	YOR210W	RPB10	C	0.01689	NA	-0.3615
2845	YHL027W	RIM101	YOR275C	RIM20	A	0.49711	0.89087424	0.423
2846	YHL029C	OCA5	YNL099C	OCA1	A	0.16864	0.712158392	0.2193
2852	YHL048W	COS8	YNL125C	ESBP6	D	0.03023	NA	0.0728
2854	YHR008C	SOD2	YHR008C	SOD2	D	NA	NA	NA
2855	YHR008C	SOD2	YJR011C		D	0.02207	NA	NA
2856	YHR008C	SOD2	YLR291C	GCD7	C	0.02115	NA	-0.1469
2857	YHR008C	SOD2	YMR239C	RNT1	C	0.03122	NA	-0.258
2858	YHR008C	SOD2	YMR308C	PSE1	C	-0.05572	NA	-0.2105
2859	YHR008C	SOD2	YNL189W	SRP1	C	0.01419	NA	0.0175
2860	YHR008C	SOD2	YOR185C	GSP2	C	-0.05829	NA	0.556
2861	YHR008C	SOD2	YPL070W	MUK1	C	0.0073	NA	0.2282
2864	YHR015W	MIP6	YOR157C	PUP1	B	0.00647	NA	NA
2867	YHR022C		YML046W	PRP39	C	-0.05935	NA	-0.0183
2871	YHR025W	THR1	YNL078W	NIS1	D	NA	0.022184827	0.0937
2876	YHR033W		YHR033W		D	NA	NA	NA
2877	YHR033W		YML064C	TEM1	D	0.04123	NA	NA
2878	YHR033W		YNL189W	SRP1	C	-0.04388	NA	NA
2879	YHR033W		YOR368W	RAD17	C	0.00985	-0.03403693	NA
2880	YHR033W		YPL018W	CTF19	C	-0.03062	-0.138191851	NA
2881	YHR034C	PIH1	YOR279C	RFM1	B	0.0023	NA	0.3493
2884	YHR036W	BRL1	YMR153W	NUP53	C	0.02564	NA	NA
2885	YHR036W	BRL1	YNR026C	SEC12	D	0.00439	NA	NA
2886	YHR050W	SMF2	YIL089W		D	0.00274	NA	NA
2887	YHR051W	COX6	YIL111W	COX5B	A	0.0083	NA	NA
2888	YHR051W	COX6	YMR153W	NUP53	B	-0.03302	NA	NA
2890	YHR057C	CPR2	YMR214W	SCJ1	D	-0.02293	-0.058082501	0.172
2891	YHR057C	CPR2	YNL232W	CSL4	C	-0.01791	NA	0.0435
2892	YHR060W	VMA22	YKL119C	VPH2	C	NA	NA	0.488
2897	YHR067W	HTD2	YKL192C	ACP1	D	NA	NA	0.0255
2898	YHR067W	HTD2	YML064C	TEM1	D	0.0444	NA	0.311
2902	YHR072W-A	NOP10	YLR175W	CBF5	A	-0.03814	NA	0.5406
2906	YHR075C	PPE1	YJR003C	MRX12	C	0.04195	0.053835251	NA
2908	YHR076W	PTC7	YPR159W	KRE6	D	NA	NA	NA
2910	YHR089C	GAR1	YLR175W	CBF5	A	-0.05812	NA	0.8784
2911	YHR090C	YNG2	YNL086W	SNN1	B	NA	NA	NA
2918	YHR105W	YPT35	YLR183C	TOS4	D	0.06334	0.081770342	NA
2921	YHR109W	CTM1	YKL029C	MAE1	C	-0.01021	0.018994643	0.0943
2937	YHR113W	APE4	YNL078W	NIS1	D	0.0418	-0.040936201	0.2035
2952	YHR115C	DMA1	YLR215C	CDC123	C	NA	NA	0.2497
2957	YHR123W	EPT1	YJL163C		D	0.01187	0.025707288	NA
2959	YHR123W	EPT1	YPR159W	KRE6	D	NA	NA	NA
2964	YHR129C	ARP1	YLR102C	APC9	B	-0.03541	0.313291002	NA
2970	YHR134W	WSS1	YOR285W	RDL1	D	-0.00983	0.025356643	0.0751
2973	YHR141C	RPL42B	YML088W	UFO1	B	-0.01552	NA	-0.0349
2974	YHR149C	SKG6	YMR153W	NUP53	C	-0.00368	NA	NA
2980	YHR159W	TDA11	YML064C	TEM1	D	-0.04814	NA	NA
2981	YHR159W	TDA11	YNL189W	SRP1	C	0.03382	NA	NA
2985	YHR161C	YAP1801	YNL020C	ARK1	D	0.03881	0.489724614	NA
2987	YHR166C	CDC23	YHR169W	DBP8	C	NA	NA	0.2511
2988	YHR166C	CDC23	YJL036W	SNX4	B	-0.01877	NA	0.4183
2996	YHR169W	DBP8	YLR052W	IES3	C	NA	NA	NA
2997	YHR169W	DBP8	YNR054C	ESF2	C	NA	NA	0.7631
2998	YHR170W	NMD3	YLR291C	GCD7	B	0.06291	NA	0.5545
2999	YHR170W	NMD3	YML051W	GAL80	C	-0.00442	NA	0.0801
3000	YHR170W	NMD3	YPL070W	MUK1	B	0.01536	NA	-0.1169
3003	YHR173C		YMR214W	SCJ1	D	NA	NA	NA
3004	YHR181W	SVP26	YOR181W	LAS17	C	-0.00342	NA	0.076
3010	YHR192W	LNP1	YPR159W	KRE6	D	NA	NA	0.2102
3018	YIL001W		YOR158W	PET123	C	NA	0.097865025	0.2532
3020	YIL009C-A	EST3	YPL024W	RMI1	B	0.00506	NA	0.1391
3022	YIL018W	RPL2B	YKL075C		C	0.0503	0.335505625	-0.1112
3030	YIL035C	CKA1	YOR061W	CKA2	A	0.09116	0.123021209	0.374
3032	YIL041W	GVP36	YJL044C	GYP6	D	-0.01197	0.146501493	0.1374
3033	YIL043C	CBR1	YML088W	UFO1	C	-0.02221	-0.021019988	NA
3034	YIL044C	AGE2	YNR023W	SNF12	C	-0.05268	NA	0.3815
3037	YIL046W	MET30	YML082W		C	-0.03905	NA	NA
3039	YIL050W	PCL7	YPL031C	PHO85	B	0.03384	NA	0.3727
3040	YIL052C	RPL34B	YPL204W	HRR25	B	0.00179	NA	0.0227
3042	YIL057C	RGI2	YLR345W		D	-0.00661	0.26120253	0.4075
3043	YIL057C	RGI2	YNL036W	NCE103	D	-0.01089	NA	0.3258
3045	YIL062C	ARC15	YML095C	RAD10	B	0.01574	NA	0.1335
3046	YIL062C	ARC15	YNR035C	ARC35	A	0.46998	NA	0.546
3049	YIL065C	FIS1	YKR036C	CAF4	C	-0.02134	0.000602872	NA
3051	YIL065C	FIS1	YLR356W	ATG33	D	0.0444	-0.155777619	NA
3052	YIL065C	FIS1	YML030W	RCF1	D	0.02985	0.071392011	0.4322
3053	YIL065C	FIS1	YML130C	ERO1	C	-0.02224	NA	0.0758
3054	YIL065C	FIS1	YMR026C	PEX12	C	-0.01654	0.298176021	0.1348
3055	YIL065C	FIS1	YNL100W	MIC27	D	-0.0058	0.075894075	0.4515
3062	YIL079C	AIR1	YPL070W	MUK1	B	0.02064	0.145963676	0.0109
3065	YIL089W		YJR152W	DAL5	D	-0.01609	0.286075942	NA
3066	YIL089W		YNR019W	ARE2	D	0.00706	0.132111342	NA
3067	YIL089W		YPR063C		D	0.05275	0.125460535	NA
3068	YIL092W		YLR423C	ATG17	C	0.02528	NA	NA
3069	YIL092W		YML064C	TEM1	D	0.00557	NA	NA
3070	YIL092W		YNL193W		D	NA	-0.054917247	NA
3072	YIL097W	FYV10	YKR022C	NTR2	B	0.04965	NA	NA
3073	YIL097W	FYV10	YOR117W	RPT5	B	0.06032	NA	0.2951
3074	YIL097W	FYV10	YOR304C-A	BIL1	C	-0.02953	0.147331616	NA
3075	YIL103W	DPH1	YJR097W	JJJ3	A	0.26667	0.034442141	0.6932
3077	YIL103W	DPH1	YLR347C	KAP95	B	0.09172	NA	0.2753
3078	YIL103W	DPH1	YLR368W	MDM30	B	-0.00184	NA	0.2749
3079	YIL103W	DPH1	YML095C	RAD10	B	-0.0737	-0.076595036	0.0946
3080	YIL103W	DPH1	YPL070W	MUK1	B	-0.02746	0.011201101	-0.0544
3085	YIL105C	SLM1	YMR068W	AVO2	A	0.07149	0.300435662	0.4734
3088	YIL105W-A		YPL049C	DIG1	C	NA	NA	NA
3090	YIL106W	MOB1	YNL302C	RPS19B	C	NA	NA	0.0529
3099	YIL122W	POG1	YJL030W	MAD2	C	0.01111	NA	NA
3102	YIL127C	RRT14	YKR092C	SRP40	D	0.06844	NA	0.5356
3103	YIL127C	RRT14	YML051W	GAL80	D	-0.00861	NA	-0.0203
3105	YIL132C	CSM2	YLR376C	PSY3	D	0.08901	0.694744087	NA
3111	YIL148W	RPL40A	YKR021W	ALY1	C	NA	0.08904086	-0.1563
3112	YIL148W	RPL40A	YML097C	VPS9	C	-0.03018	-0.071435034	0.1238
3113	YIL148W	RPL40A	YMR276W	DSK2	C	0.02302	0.029479974	-0.1353
3114	YIL148W	RPL40A	YNL116W	DMA2	C	-0.01183	0.097118517	-0.1235
3115	YIL148W	RPL40A	YPL096W	PNG1	C	-0.03693	-0.010442097	-0.0676
3116	YIL150C	MCM10	YJR003C	MRX12	D	-0.02347	NA	NA
3117	YIL150C	MCM10	YKR019C	IRS4	D	0.00787	NA	NA
3120	YIL152W		YLR048W	RPS0B	C	-0.00424	NA	NA
3121	YIL152W		YLR288C	MEC3	C	-0.01201	0.293665721	NA
3122	YIL152W		YLR368W	MDM30	C	-0.02768	NA	NA
3123	YIL152W		YLR376C	PSY3	D	0.01792	0.327008227	NA
3125	YIL152W		YML051W	GAL80	D	-0.01848	0.090066027	NA
3126	YIL152W		YML064C	TEM1	D	-0.01123	NA	NA
3133	YIL161W		YNL023C	FAP1	A	-0.00801	0.405648255	NA
3135	YIL164C	NIT1	YLR291C	GCD7	C	0.07132	NA	0.0463
3136	YIR010W	DSN1	YKR027W	BCH2	B	-0.0323	NA	0.3205
3137	YIR010W	DSN1	YLR347C	KAP95	B	0.13395	NA	0.0332
3138	YIR011C	STS1	YLR291C	GCD7	C	-0.05924	NA	0.2334
3139	YIR015W	RPR2	YLR291C	GCD7	B	NA	NA	0.0999
3140	YIR015W	RPR2	YLR345W		C	NA	NA	0.1612
3141	YIR015W	RPR2	YML064C	TEM1	C	NA	NA	0.2155
3142	YIR015W	RPR2	YPL070W	MUK1	B	NA	NA	0.2151
3143	YIR016W		YMR100W	MUB1	D	-0.00159	-0.064690801	NA
3145	YIR017C	MET28	YLR315W	NKP2	B	0.00372	NA	NA
3147	YIR017C	MET28	YML064C	TEM1	C	-0.03295	NA	0.0479
3148	YIR017C	MET28	YNL182C	IPI3	B	0.057	NA	-0.1378
3149	YIR017C	MET28	YNL189W	SRP1	B	-0.01681	NA	0.1191
3150	YIR017C	MET28	YOL069W	NUF2	B	0.05245	NA	0.1653
3151	YIR017C	MET28	YPR083W	MDM36	C	0.07173	0.004334562	0.2377
3152	YIR018W	YAP5	YLR291C	GCD7	C	0.06141	NA	NA
3153	YIR018W	YAP5	YML064C	TEM1	D	-0.03298	NA	NA
3154	YIR018W	YAP5	YNL189W	SRP1	C	-0.03562	NA	NA
3155	YIR018W	YAP5	YOR039W	CKB2	C	0.0135	-0.154265721	NA
3156	YIR018W	YAP5	YOR185C	GSP2	C	0.02394	0.103937961	NA
3157	YIR018W	YAP5	YOR368W	RAD17	C	0.03519	-0.08195387	NA
3158	YIR022W	SEC11	YJR010C-A	SPC1	A	0.04412	NA	NA
3159	YIR022W	SEC11	YJR015W		C	0.07131	NA	0.2297
3160	YIR022W	SEC11	YLR066W	SPC3	A	0.37323	NA	0.7027
3161	YIR022W	SEC11	YML055W	SPC2	A	0.17162	NA	0.5628
3162	YIR024C	INA22	YLR315W	NKP2	C	0.00712	NA	NA
3163	YIR024C	INA22	YOL069W	NUF2	C	0.03728	NA	NA
3209	YIR041W	PAU15	YPL070W	MUK1	C	-0.04308	NA	NA
3211	YJL004C	SYS1	YNL044W	YIP3	C	0.01994	0.179330487	0.1907
3212	YJL004C	SYS1	YPL191C		C	-0.02546	0.281526064	0.2238
3213	YJL006C	CTK2	YML112W	CTK3	A	NA	NA	0.6044
3215	YJL011C	RPC17	YKL144C	RPC25	A	NA	NA	NA
3216	YJL012C	VTC4	YPR178W	PRP4	B	0.00791	NA	0.0368
3227	YJL023C	PET130	YOR229W	WTM2	D	0.01408	-0.164147505	0.0812
3228	YJL024C	APS3	YPL195W	APL5	A	0.36743	0.509204846	0.1651
3236	YJL030W	MAD2	YPL070W	MUK1	B	0.00141	-0.090315819	0.4101
3237	YJL031C	BET4	YJL036W	SNX4	C	0.00713	NA	0.6448
3238	YJL031C	BET4	YJR046W	TAH11	D	-0.02336	NA	0.155
3240	YJL035C	TAD2	YLR316C	TAD3	D	0.09127	NA	0.3236
3241	YJL036W	SNX4	YJR011C		C	-0.06689	-0.150688462	NA
3242	YJL036W	SNX4	YKL012W	PRP40	B	-0.00566	NA	0.5679
3243	YJL036W	SNX4	YKL049C	CSE4	B	-0.00636	NA	0.2958
3244	YJL036W	SNX4	YKL138C-A	HSK3	B	NA	NA	NA
3245	YJL036W	SNX4	YLR031W		C	0.019	0.033917348	NA
3246	YJL036W	SNX4	YLR099W-A	MIM2	C	NA	NA	NA
3247	YJL036W	SNX4	YLR423C	ATG17	B	-0.00625	NA	0.607
3248	YJL036W	SNX4	YML064C	TEM1	C	0.01013	NA	0.042
3249	YJL036W	SNX4	YNL086W	SNN1	B	0.03109	0.0486741	NA
3250	YJL036W	SNX4	YNL189W	SRP1	B	0.00781	NA	0.2153
3251	YJL036W	SNX4	YOR132W	VPS17	B	0.08798	0.095744032	0.5495
3252	YJL036W	SNX4	YOR158W	PET123	B	NA	0.109081994	0.3899
3253	YJL036W	SNX4	YPR083W	MDM36	C	0.01119	0.238271947	0.2274
3256	YJL044C	GYP6	YOR089C	VPS21	D	0.0364	0.099930544	0.2072
3258	YJL048C	UBX6	YJL048C	UBX6	D	NA	NA	NA
3259	YJL048C	UBX6	YKL130C	SHE2	C	0.00034	-0.070865642	NA
3260	YJL048C	UBX6	YLR291C	GCD7	C	0.0277	NA	NA
3262	YJL048C	UBX6	YML031W	NDC1	C	NA	NA	NA
3263	YJL048C	UBX6	YMR153W	NUP53	C	-0.03779	-0.153603082	NA
3265	YJL057C	IKS1	YMR153W	NUP53	C	0.05088	-0.056083585	NA
3266	YJL057C	IKS1	YOR233W	KIN4	D	0.03173	0.062589728	NA
3267	YJL057C	IKS1	YPR174C		D	-0.01365	-0.030764816	NA
3274	YJL061W	NUP82	YLR313C	SPH1	B	-0.00327	NA	NA
3277	YJL065C	DLS1	YNR029C		C	0.01782	0.360394673	NA
3283	YJL085W	EXO70	YNL086W	SNN1	B	0.01145	NA	NA
3289	YJL097W	PHS1	YJL163C		D	0.01592	NA	-0.0844
3290	YJL097W	PHS1	YJR015W		D	0.02227	NA	0.2412
3305	YJL112W	MDV1	YLR356W	ATG33	D	-0.03937	-0.014533461	NA
3306	YJL112W	MDV1	YML130C	ERO1	C	0.04107	NA	0.1585
3307	YJL115W	ASF1	YNL031C	HHT2	B	0.13291	NA	0.1119
3308	YJL117W	PHO86	YNR039C	ZRG17	D	-0.01265	-0.116932427	0.2776
3312	YJL124C	LSM1	YPL188W	POS5	C	NA	NA	0.172
3313	YJL125C	GCD14	YNL062C	GCD10	D	0.24444	NA	0.7223
3315	YJL136C	RPS21B	YLR048W	RPS0B	A	0.08225	NA	0.6127
3316	YJL136C	RPS21B	YML024W	RPS17A	A	NA	NA	0.887
3317	YJL136C	RPS21B	YNL100W	MIC27	C	-0.03774	NA	0.0568
3318	YJL136C	RPS21B	YNL214W	PEX17	B	NA	NA	NA
3319	YJL136C	RPS21B	YOL147C	PEX11	C	0.01192	NA	-0.0227
3320	YJL136C	RPS21B	YPR128C	ANT1	C	-0.03262	NA	0.1688
3324	YJL140W	RPB4	YNL116W	DMA2	C	0.0215	NA	0.1157
3325	YJL141C	YAK1	YMR231W	PEP5	C	0.00094	NA	0.1306
3328	YJL148W	RPA34	YMR269W	TMA23	C	0.13543	NA	0.7336
3332	YJL155C	FBP26	YLR345W		D	0.04363	0.271152268	0.7416
3333	YJL163C		YLL014W	EMC6	C	-0.0243	0.020185166	-0.1697
3334	YJL163C		YLR268W	SEC22	C	-0.02695	0.03924198	-0.0021
3335	YJL163C		YMR298W	LIP1	D	0.01525	NA	0.1632
3336	YJL163C		YNL146W		D	-0.00417	0.335420932	NA
3337	YJL163C		YNL234W		D	0.00824	NA	0.1112
3338	YJL163C		YPL192C	PRM3	D	0.01169	0.219071638	NA
3339	YJL173C	RFA3	YNL312W	RFA2	A	0.13519	NA	0.5722
3340	YJL177W	RPL17B	YKR048C	NAP1	B	-0.00364	0.017342979	0.1217
3341	YJL177W	RPL17B	YMR139W	RIM11	C	0.02983	-0.0493988	-0.3092
3342	YJL179W	PFD1	YPL018W	CTF19	B	0.1004	0.276716561	NA
3344	YJL184W	GON7	YKR038C	KAE1	A	0.06509	NA	0.2732
3345	YJL184W	GON7	YKR095W-A	PCC1	A	NA	NA	NA
3346	YJL184W	GON7	YOR117W	RPT5	B	0.01518	NA	0.1342
3349	YJL185C	ATG36	YNL100W	MIC27	D	0.01523	0.174218177	NA
3352	YJL187C	SWE1	YOL029C		D	0.04955	0.142482438	NA
3362	YJL205C	NCE101	YNL100W	MIC27	D	-0.00906	0.175939935	NA
3369	YJR002W	MPP10	YOR158W	PET123	B	NA	NA	-0.0391
3370	YJR003C	MRX12	YJR046W	TAH11	D	0.01392	NA	NA
3371	YJR003C	MRX12	YJR048W	CYC1	D	0.02507	0.049791099	NA
3372	YJR003C	MRX12	YJR050W	ISY1	C	0.04883	0.068685671	NA
3374	YJR003C	MRX12	YMR213W	CEF1	C	0.05132	NA	NA
3375	YJR003C	MRX12	YMR244C-A	COA6	D	0.05015	0.130764565	NA
3377	YJR003C	MRX12	YPL151C	PRP46	C	-0.01572	NA	NA
3380	YJR010C-A	SPC1	YJR015W		C	-0.01906	NA	NA
3381	YJR010C-A	SPC1	YJR126C	VPS70	C	0.00161	NA	NA
3382	YJR010C-A	SPC1	YKL119C	VPH2	B	NA	NA	NA
3383	YJR010C-A	SPC1	YLR066W	SPC3	A	0.0687	NA	NA
3384	YJR010C-A	SPC1	YLR268W	SEC22	B	0.03138	NA	NA
3385	YJR010C-A	SPC1	YLR433C	CNA1	B	-0.03043	NA	NA
3386	YJR010C-A	SPC1	YML055W	SPC2	A	0.0843	NA	NA
3387	YJR010C-A	SPC1	YPR159C-A		C	0.04037	NA	NA
3391	YJR011C		YLR052W	IES3	C	-0.00537	NA	NA
3392	YJR011C		YLR102C	APC9	C	0.02709	-0.042866097	NA
3394	YJR011C		YML003W		D	-0.03042	0.1906792	NA
3395	YJR011C		YNL055C	POR1	D	0.05017	NA	NA
3397	YJR011C		YOR158W	PET123	C	NA	0.192451641	NA
3398	YJR011C		YPL002C	SNF8	C	-0.00373	0.039124856	NA
3399	YJR011C		YPL173W	MRPL40	C	-0.01135	NA	NA
3400	YJR011C		YPR107C	YTH1	C	0.02874	NA	NA
3402	YJR015W		YMR298W	LIP1	D	-0.04776	NA	0.2449
3403	YJR015W		YNL111C	CYB5	D	0.03504	-0.043469836	0.1503
3404	YJR015W		YNL234W		D	0.12702	NA	0.155
3405	YJR015W		YPL096C-A	ERI1	C	0.06849	NA	NA
3406	YJR015W		YPL218W	SAR1	C	NA	NA	0.235
3407	YJR015W		YPR170W-B		D	NA	NA	NA
3408	YJR015W		YPR192W	AQY1	D	0.05597	0.178487425	0.0939
3416	YJR044C	VPS55	YOL129W	VPS68	D	0.23753	0.535794937	0.5821
3418	YJR046W	TAH11	YNL086W	SNN1	C	-0.02135	NA	NA
3419	YJR046W	TAH11	YPL166W	ATG29	C	0.00657	NA	0.0436
3420	YJR050W	ISY1	YJR050W	ISY1	A	NA	NA	NA
3421	YJR050W	ISY1	YLR048W	RPS0B	B	0.04284	NA	-0.1403
3422	YJR050W	ISY1	YLR117C	CLF1	A	0.46386	NA	0.5465
3423	YJR050W	ISY1	YLR291C	GCD7	B	-0.07057	NA	0.0886
3424	YJR051W	OSM1	YLR297W		D	0.01128	0.020711066	NA
3426	YJR052W	RAD7	YMR201C	RAD14	B	0.02079	0.471821646	0.514
3433	YJR062C	NTA1	YKL109W	HAP4	C	0.015	0.490592936	NA
3434	YJR065C	ARP3	YNR035C	ARC35	A	0.07517	NA	0.5293
3435	YJR067C	YAE1	YPL271W	ATP15	C	NA	NA	NA
3436	YJR068W	RFC2	YMR213W	CEF1	B	-0.05344	NA	0.2237
3437	YJR068W	RFC2	YNL290W	RFC3	A	NA	NA	0.4185
3441	YJR073C	OPI3	YPR159W	KRE6	D	NA	NA	0.1728
3447	YJR080C	AIM24	YML130C	ERO1	C	0.00955	NA	0.0239
3449	YJR084W		YPR045C	THP3	C	0.03966	0.464012599	0.1671
3472	YJR102C	VPS25	YMR077C	VPS20	B	0.61788	0.876932322	0.379
3473	YJR102C	VPS25	YPL002C	SNF8	A	0.26588	0.91210614	0.3364
3474	YJR102C	VPS25	YPL065W	VPS28	B	0.53505	0.866533458	0.4281
3476	YJR112W	NNF1	YLR313C	SPH1	B	0.00255	NA	NA
3477	YJR112W	NNF1	YNL086W	SNN1	B	-0.02976	NA	NA
3480	YJR126C	VPS70	YML055W	SPC2	C	0.05433	0.313132915	-0.0371
3481	YJR128W		YLR291C	GCD7	C	-0.08011	NA	NA
3482	YJR128W		YNL189W	SRP1	C	NA	NA	NA
3483	YJR128W		YPL070W	MUK1	C	0.07743	0.113575593	NA
3486	YJR135C	MCM22	YLR381W	CTF3	A	0.57516	0.314712751	NA
3489	YJR136C	TTI2	YPR118W	MRI1	D	NA	NA	0.269
3491	YJR152W	DAL5	YLL014W	EMC6	C	0.06679	-0.095421696	0.0882
3492	YJR152W	DAL5	YML132W	COS3	D	NA	NA	NA
3499	YKL012W	PRP40	YLR119W	SRN2	B	0.00368	NA	0.4363
3501	YKL012W	PRP40	YOR368W	RAD17	B	-0.04711	NA	0.4202
3502	YKL012W	PRP40	YPR083W	MDM36	C	0.02086	NA	0.4175
3503	YKL013C	ARC19	YNR035C	ARC35	A	NA	NA	0.5353
3506	YKL018C-A		YLR356W	ATG33	D	0.03871	NA	NA
3514	YKL029C	MAE1	YLR347C	KAP95	B	-0.00269	NA	0.3323
3515	YKL029C	MAE1	YOR368W	RAD17	B	0.00304	-0.010138982	-0.1359
3521	YKL049C	CSE4	YOL054W	PSH1	B	0.01814	NA	0.2978
3525	YKL053C-A	MDM35	YLR288C	MEC3	C	NA	0.165450164	0.2016
3526	YKL058W	TOA2	YLR291C	GCD7	C	NA	NA	0.0582
3527	YKL058W	TOA2	YOR194C	TOA1	D	NA	NA	0.3833
3528	YKL059C	MPE1	YMR032W	HOF1	C	NA	NA	0.0898
3542	YKL075C		YOL059W	GPD2	D	0.02138	-0.058448022	0.247
3543	YKL078W	DHR2	YLR291C	GCD7	C	0.02629	NA	0.4532
3544	YKL078W	DHR2	YOR250C	CLP1	C	-0.05647	NA	0.1358
3547	YKL095W	YJU2	YLR396C	VPS33	C	-0.00409	NA	0.2533
3548	YKL095W	YJU2	YMR213W	CEF1	C	0.16349	NA	0.3406
3549	YKL099C	UTP11	YOL054W	PSH1	C	NA	NA	NA
3562	YKL108W	SLD2	YNL193W		D	NA	NA	NA
3563	YKL108W	SLD2	YPR120C	CLB5	D	NA	NA	0.5237
3564	YKL109W	HAP4	YNL116W	DMA2	C	0.0195	-0.106502811	NA
3573	YKL134C	1-Oct	YMR184W	ADD37	D	NA	NA	NA
3578	YKL138C-A	HSK3	YKR037C	SPC34	A	NA	NA	NA
3579	YKL138C-A	HSK3	YLR031W		C	NA	NA	NA
3580	YKL138C-A	HSK3	YNL086W	SNN1	B	NA	NA	NA
3593	YKL155C	RSM22	YPR178W	PRP4	B	-0.03031	NA	0.4202
3594	YKL159C	RCN1	YLR433C	CNA1	A	0.08409	0.277775457	0.0794
3595	YKL161C	KDX1	YNL053W	MSG5	C	-0.06179	-0.0743495	NA
3596	YKL164C	PIR1	YLR291C	GCD7	C	0.01831	NA	0.2636
3597	YKL164C	PIR1	YML064C	TEM1	D	0.06122	NA	0.1578
3598	YKL164C	PIR1	YNL189W	SRP1	C	-0.03532	NA	0.0754
3601	YKL184W	SPE1	YML130C	ERO1	C	-0.00217	NA	-0.0124
3606	YKL192C	ACP1	YLR239C	LIP2	D	NA	NA	0.1978
3608	YKL192C	ACP1	YPL148C	PPT2	D	NA	NA	NA
3611	YKL204W	EAP1	YPL152W	RRD2	B	0.02922	NA	0.2314
3613	YKL216W	URA1	YNL189W	SRP1	C	0.00626	NA	0.2103
3615	YKR004C	ECM9	YPR176C	BET2	D	NA	NA	0.2612
3617	YKR014C	YPT52	YNL100W	MIC27	C	-0.05996	-0.021216619	0.485
3619	YKR017C	HEL1	YPL018W	CTF19	C	0.03432	0.01869591	NA
3620	YKR019C	IRS4	YML064C	TEM1	D	-0.10664	NA	NA
3621	YKR019C	IRS4	YPL070W	MUK1	C	0.04985	0.001602742	NA
3622	YKR020W	VPS51	YKR022C	NTR2	B	0.00928	NA	NA
3623	YKR021W	ALY1	YLL039C	UBI4	D	-0.02515	0.043956176	0.3134
3624	YKR022C	NTR2	YLR368W	MDM30	B	6.00E-05	NA	NA
3626	YKR022C	NTR2	YMR239C	RNT1	B	-0.0341	NA	NA
3627	YKR022C	NTR2	YNL107W	YAF9	B	-0.0384	NA	NA
3629	YKR022C	NTR2	YPR083W	MDM36	C	0.00788	NA	NA
3635	YKR027W	BCH2	YMR310C		C	0.02781	-0.100470759	0.1665
3645	YKR035W-A	DID2	YKR035W-A	DID2	D	NA	NA	NA
3646	YKR035W-A	DID2	YLR291C	GCD7	C	-0.01814	NA	0.1192
3647	YKR035W-A	DID2	YML064C	TEM1	D	-0.01707	NA	0.0492
3648	YKR037C	SPC34	YLR423C	ATG17	B	NA	NA	0.3538
3649	YKR039W	GAP1	YML132W	COS3	D	NA	NA	NA
3657	YKR057W	RPS21A	YLR048W	RPS0B	A	0.1637	NA	0.6947
3658	YKR057W	RPS21A	YML024W	RPS17A	A	0.39069	NA	0.8376
3659	YKR057W	RPS21A	YNL214W	PEX17	B	-0.03725	NA	NA
3660	YKR057W	RPS21A	YPR128C	ANT1	C	0.01151	NA	0.1851
3662	YKR063C	LAS1	YLL035W	GRC3	D	0.04569	NA	0.4602
3666	YKR071C	DRE2	YLL029W	FRA1	D	NA	NA	0.3138
3667	YKR071C	DRE2	YPR048W	TAH18	D	NA	NA	0.2872
3668	YKR072C	SIS2	YML016C	PPZ1	C	-0.24334	-0.45956051	NA
3669	YKR083C	DAD2	YLR313C	SPH1	B	-0.01098	NA	NA
3672	YKR092C	SRP40	YLR197W	NOP56	C	0.2306	NA	0.5346
3673	YKR092C	SRP40	YMR233W	TRI1	D	-0.00545	-0.055415579	0.2639
3679	YLL006W-A		YML088W	UFO1	C	0.03321	NA	NA
3680	YLL007C	LMO1	YLR291C	GCD7	C	0.0437	NA	0.1498
3681	YLL007C	LMO1	YMR168C	CEP3	C	0.01836	NA	0.3778
3682	YLL007C	LMO1	YOR380W	RDR1	D	-0.02187	-0.08592436	NA
3683	YLL009C	COX17	YMR239C	RNT1	C	-0.00328	NA	NA
3686	YLL018C-A	COX19	YML051W	GAL80	D	0.01268	NA	0.1518
3687	YLL027W	ISA1	YLR048W	RPS0B	C	0.03268	NA	-0.0852
3688	YLL027W	ISA1	YLR368W	MDM30	C	-0.03254	NA	0.2993
3689	YLL027W	ISA1	YML064C	TEM1	D	NA	NA	0.1062
3690	YLL027W	ISA1	YMR308C	PSE1	C	-0.03722	NA	0.0036
3691	YLL027W	ISA1	YPR178W	PRP4	C	-0.05518	NA	0.3738
3692	YLL029W	FRA1	YMR239C	RNT1	C	-0.03516	NA	-0.044
3693	YLL029W	FRA1	YNL189W	SRP1	C	-0.01549	NA	0.2657
3694	YLL029W	FRA1	YOR368W	RAD17	C	0.03094	-0.053346813	0.1937
3699	YLL049W	LDB18	YLR423C	ATG17	C	0.06707	NA	NA
3701	YLL049W	LDB18	YNL086W	SNN1	C	-0.01787	0.149817949	NA
3703	YLL053C		YML088W	UFO1	C	-0.00555	0.146473234	NA
3712	YLR018C	POM34	YMR153W	NUP53	A	0.28813	0.17733021	NA
3713	YLR018C	POM34	YNR039C	ZRG17	C	-0.04886	-0.144826808	0.3964
3715	YLR021W	IRC25	YPL144W	POC4	D	0.49048	0.81911216	NA
3721	YLR026C	SED5	YPR159W	KRE6	D	NA	NA	0.0834
3722	YLR031W		YLR445W	GMC2	D	0.02655	0.15328118	NA
3724	YLR031W		YNL086W	SNN1	C	0.01192	0.036699787	NA
3725	YLR031W		YOR158W	PET123	C	NA	0.02223515	NA
3726	YLR033W	RSC58	YPL065W	VPS28	B	0.0561	NA	0.4016
3727	YLR035C	MLH2	YPL164C	MLH3	D	-0.03601	0.280512598	0.5063
3728	YLR038C	COX12	YLR291C	GCD7	B	-0.00582	NA	-0.0062
3729	YLR048W	RPS0B	YML024W	RPS17A	A	0.18358	NA	0.692
3730	YLR048W	RPS0B	YOR158W	PET123	B	NA	NA	-0.076
3731	YLR048W	RPS0B	YOR313C	SPS4	C	-0.02166	NA	0.011
3732	YLR048W	RPS0B	YPL173W	MRPL40	B	0.0224	NA	0.1832
3733	YLR048W	RPS0B	YPL178W	CBC2	B	-0.01178	NA	0.1908
3735	YLR050C		YNL125C	ESBP6	D	0.06452	0.397181572	-0.1065
3736	YLR050C		YPR159W	KRE6	D	NA	NA	0.0354
3737	YLR050C		YPR174C		D	-0.00467	0.058214762	NA
3738	YLR052W	IES3	YML064C	TEM1	C	NA	NA	NA
3739	YLR052W	IES3	YMR055C	BUB2	C	0.00783	NA	NA
3740	YLR065C	ENV10	YPR159W	KRE6	D	NA	NA	0.2601
3745	YLR082C	SRL2	YLR313C	SPH1	C	-0.04542	-0.021106894	NA
3746	YLR085C	ARP6	YML041C	VPS71	A	0.70662	0.839018067	0.3207
3747	YLR088W	GAA1	YPR159W	KRE6	C	NA	NA	0.3908
3750	YLR097C	HRT3	YOR133W	EFT1	C	-0.05348	-0.170616071	NA
3754	YLR099C	ICT1	YOR304C-A	BIL1	D	0.05381	0.150504554	NA
3755	YLR102C	APC9	YLR291C	GCD7	B	-0.02636	NA	NA
3758	YLR116W	MSL5	YML046W	PRP39	A	0.22313	NA	0.2004
3759	YLR117C	CLF1	YMR163C	INP2	C	-0.02478	NA	0.2855
3760	YLR117C	CLF1	YOL036W		C	-0.01731	NA	0.5014
3761	YLR119W	SRN2	YLR119W	SRN2	A	NA	NA	NA
3762	YLR119W	SRN2	YLR291C	GCD7	B	-0.09127	NA	0.0519
3764	YLR119W	SRN2	YMR077C	VPS20	B	0.37235	0.620498756	0.5862
3765	YLR119W	SRN2	YNL075W	IMP4	B	-0.06032	NA	-0.0478
3766	YLR119W	SRN2	YNR006W	VPS27	C	0.32089	0.762389149	0.3731
3767	YLR119W	SRN2	YPL065W	VPS28	A	0.33114	0.706693839	0.472
3768	YLR119W	SRN2	YPL222W	FMP40	C	0.02017	0.088542049	0.2241
3769	YLR119W	SRN2	YPR083W	MDM36	C	-0.01281	0.065940364	0.2939
3774	YLR132C	USB1	YPL188W	POS5	D	NA	NA	NA
3777	YLR148W	PEP3	YMR231W	PEP5	A	0.11124	NA	0.5504
3778	YLR154C	RNH203	YNL072W	RNH201	A	0.25176	0.094886228	NA
3779	YLR165C	PUS5	YLR288C	MEC3	C	NA	-0.12272079	0.4935
3780	YLR167W	RPS31	YMR276W	DSK2	C	NA	NA	-0.0996
3782	YLR175W	CBF5	YNL124W	NAF1	C	0.25628	NA	0.3214
3786	YLR183C	TOS4	YNL099C	OCA1	C	-0.03325	0.136265773	NA
3787	YLR183C	TOS4	YNL193W		D	NA	0.06499579	NA
3788	YLR183C	TOS4	YOR061W	CKA2	C	0.06225	0.14554797	NA
3789	YLR183C	TOS4	YPL204W	HRR25	C	0.01379	NA	NA
3790	YLR197W	NOP56	YLR197W	NOP56	A	NA	NA	NA
3791	YLR197W	NOP56	YMR269W	TMA23	C	0.29178	NA	0.5173
3792	YLR197W	NOP56	YNR004W	SWM2	C	0.00489	NA	NA
3793	YLR200W	YKE2	YML094W	GIM5	A	0.76199	NA	0.6619
3795	YLR201C	COQ9	YML110C	COQ5	D	0.3672	NA	0.555
3796	YLR203C	MSS51	YPL065W	VPS28	C	-0.08532	0.055248222	0.1503
3797	YLR204W	QRI5	YMR269W	TMA23	D	-0.01176	NA	NA
3804	YLR213C	CRR1	YLR288C	MEC3	C	NA	0.163250017	0.3573
3811	YLR226W	BUR2	YPL070W	MUK1	C	NA	NA	0.3694
3813	YLR227C	ADY4	YPL070W	MUK1	C	0.02544	0.085465042	NA
3814	YLR233C	EST1	YOR287C	RRP36	C	NA	NA	NA
3815	YLR234W	TOP3	YPL024W	RMI1	A	0.57692	NA	0.1873
3817	YLR240W	VPS34	YLR240W	VPS34	A	NA	NA	NA
3818	YLR240W	VPS34	YPL100W	ATG21	C	NA	NA	0.3893
3819	YLR243W	GPN3	YMR158W	MRPS8	C	-0.02583	NA	0.1831
3828	YLR254C	NDL1	YNL189W	SRP1	C	0.0172	NA	NA
3829	YLR254C	NDL1	YOR269W	PAC1	D	0.12901	0.178650462	NA
3836	YLR264W	RPS28B	YLR291C	GCD7	B	0.08225	NA	0.4447
3838	YLR264W	RPS28B	YPL222W	FMP40	C	-0.05761	NA	-0.3656
3839	YLR267W	BOP2	YNL189W	SRP1	C	-0.00583	NA	NA
3840	YLR267W	BOP2	YOR375C	GDH1	D	0.01645	-0.167228038	NA
3841	YLR267W	BOP2	YPL151C	PRP46	C	0.0035	NA	NA
3842	YLR268W	SEC22	YNR039C	ZRG17	C	-0.00516	0.150418242	0.1804
3843	YLR268W	SEC22	YOL044W	PEX15	C	-0.0478	0.153607019	NA
3846	YLR274W	MCM5	YNL075W	IMP4	B	-0.11185	NA	0.253
3847	YLR274W	MCM5	YPL262W	FUM1	C	-0.02053	NA	0.0537
3848	YLR275W	SMD2	YOR159C	SME1	A	0.34605	NA	0.6045
3849	YLR275W	SMD2	YPR182W	SMX3	A	0.57414	NA	0.3917
3851	YLR288C	MEC3	YML024W	RPS17A	B	-0.03112	NA	-0.0581
3852	YLR288C	MEC3	YMR068W	AVO2	B	0.0088	0.0459466	0.4603
3854	YLR288C	MEC3	YMR193W	MRPL24	B	0.00607	NA	0.3834
3855	YLR288C	MEC3	YNL067W-B		C	-0.03868	NA	NA
3856	YLR288C	MEC3	YNL135C	FPR1	B	-0.00929	0.327982182	0.0469
3857	YLR288C	MEC3	YOR368W	RAD17	A	0.48647	0.841270452	0.4739
3858	YLR288C	MEC3	YPL223C	GRE1	C	-0.00404	0.113190241	NA
3859	YLR288C	MEC3	YPR018W	RLF2	B	0.08841	0.077105653	0.3849
3860	YLR288C	MEC3	YPR067W	ISA2	C	NA	NA	0.4002
3867	YLR291C	GCD7	YML015C	TAF11	B	-0.01503	NA	0.3645
3873	YLR291C	GCD7	YMR055C	BUB2	C	0.01975	NA	0.1693
3875	YLR291C	GCD7	YMR267W	PPA2	C	-0.02997	NA	0.1209
3877	YLR291C	GCD7	YNL036W	NCE103	C	-0.03041	NA	-0.0801
3879	YLR291C	GCD7	YNL055C	POR1	C	-0.05709	NA	0.0073
3880	YLR291C	GCD7	YNL075W	IMP4	B	0.12869	NA	0.5328
3885	YLR291C	GCD7	YNL334C	SNO2	C	-0.0322	NA	NA
3891	YLR291C	GCD7	YOR072W-B		C	-0.0184	NA	NA
3897	YLR291C	GCD7	YPL002C	SNF8	B	-0.0262	NA	0.0861
3898	YLR291C	GCD7	YPL018W	CTF19	B	-0.03009	NA	NA
3900	YLR291C	GCD7	YPL055C	LGE1	C	0.01285	NA	-0.0912
3905	YLR291C	GCD7	YPL148C	PPT2	C	0.05159	NA	NA
3908	YLR292C	SEC72	YPL070W	MUK1	B	0.01213	0.002268815	0.1805
3916	YLR313C	SPH1	YOL069W	NUF2	B	-0.02178	NA	NA
3917	YLR313C	SPH1	YPL077C		C	0.00659	0.025482714	NA
3918	YLR315W	NKP2	YLR433C	CNA1	B	0.02334	NA	NA
3919	YLR315W	NKP2	YNL086W	SNN1	B	0.00212	NA	NA
3920	YLR315W	NKP2	YPL002C	SNF8	B	-0.00979	NA	NA
3934	YLR335W	NUP2	YMR239C	RNT1	B	-0.05701	NA	0.3603
3936	YLR346C	CIS1	YLR356W	ATG33	D	0.03383	0.208397046	NA
3937	YLR346C	CIS1	YML088W	UFO1	C	-0.00564	0.423291648	NA
3939	YLR347C	KAP95	YMR023C	MSS1	C	0.04779	NA	4.00E-04
3940	YLR347C	KAP95	YPL059W	GRX5	C	NA	NA	0.0741
3942	YLR347C	KAP95	YPL173W	MRPL40	B	NA	NA	0.1802
3943	YLR347C	KAP95	YPL188W	POS5	C	NA	NA	0.1843
3944	YLR356W	ATG33	YML064C	TEM1	D	-0.00016	NA	NA
3945	YLR356W	ATG33	YML130C	ERO1	C	-0.02627	NA	NA
3946	YLR356W	ATG33	YNL204C	SPS18	D	NA	-0.134487468	NA
3947	YLR356W	ATG33	YNL315C	ATP11	D	0.04928	NA	NA
3948	YLR356W	ATG33	YNR022C	MRPL50	C	-0.05173	NA	NA
3949	YLR356W	ATG33	YOL026C	MIM1	D	NA	NA	NA
3950	YLR356W	ATG33	YPL135W	ISU1	D	0.00891	0.052772498	NA
3951	YLR356W	ATG33	YPR020W	ATP20	C	0.00723	-0.06165505	NA
3953	YLR368W	MDM30	YMR017W	SPO20	C	-0.04614	NA	NA
3954	YLR368W	MDM30	YMR068W	AVO2	B	0.03564	NA	0.3692
3955	YLR368W	MDM30	YMR299C	DYN3	B	-0.0091	NA	NA
3956	YLR368W	MDM30	YNL204C	SPS18	C	0.04662	NA	NA
3957	YLR368W	MDM30	YOL111C	MDY2	B	0.0084	NA	0.1793
3958	YLR368W	MDM30	YOR057W	SGT1	B	-0.05297	NA	0.404
3959	YLR368W	MDM30	YPL018W	CTF19	B	0.00583	NA	NA
3960	YLR368W	MDM30	YPL173W	MRPL40	B	-0.01909	NA	0.3176
3961	YLR368W	MDM30	YPR178W	PRP4	B	0.07956	NA	0.4264
3966	YLR385C	SWC7	YLR417W	VPS36	B	-0.02796	0.02469449	0.0565
3968	YLR385C	SWC7	YML064C	TEM1	C	0.02677	NA	0.2764
3978	YLR405W	DUS4	YPL108W		D	0.05745	0.291750118	0.6146
3979	YLR407W		YOR061W	CKA2	C	0.07746	0.258599786	NA
3980	YLR417W	VPS36	YMR077C	VPS20	B	0.64336	0.893157126	0.411
3999	YLR423C	ATG17	YPL077C		C	0.00639	NA	NA
4001	YLR423C	ATG17	YPL166W	ATG29	A	-0.01826	NA	0.3797
4007	YLR433C	CNA1	YMR073C	IRC21	C	0.03326	-0.18273305	0.2239
4009	YLR433C	CNA1	YOR157C	PUP1	B	3.00E-05	NA	0.1486
4010	YLR433C	CNA1	YPL065W	VPS28	B	-0.02292	0.02376749	0.2728
4014	YLR438C-A	LSM3	YPR178W	PRP4	A	0.22999	NA	0.1486
4015	YLR439W	MRPL4	YPL173W	MRPL40	A	0.48132	NA	0.6505
4016	YLR440C	SEC39	YLR452C	SST2	C	-0.06036	NA	0.1905
4018	YLR441C	RPS1A	YML088W	UFO1	B	0.01888	0.01514171	-0.2337
4026	YML011C	RAD33	YOR157C	PUP1	C	-0.02018	NA	0.2896
4027	YML014W	TRM9	YNR046W	TRM112	D	-0.0615	NA	0.5449
4028	YML015C	TAF11	YML098W	TAF13	A	0.33765	NA	0.2685
4030	YML016C	PPZ1	YMR271C	URA10	D	-0.00188	0.026666171	NA
4031	YML016C	PPZ1	YMR311C	GLC8	D	0.0807	0.254738775	0.1796
4032	YML016C	PPZ1	YOR054C	VHS3	C	-0.09101	NA	0.1387
4040	YML031W	NDC1	YMR153W	NUP53	A	NA	NA	NA
4041	YML031W	NDC1	YNR019W	ARE2	C	NA	NA	0.0335
4042	YML031W	NDC1	YNR039C	ZRG17	C	NA	NA	0.4213
4050	YML048W	GSF2	YMR153W	NUP53	C	-0.01288	0.11173495	NA
4051	YML048W	GSF2	YPR159W	KRE6	D	NA	NA	0.3238
4052	YML051W	GAL80	YML112W	CTK3	C	0.00848	NA	0.1141
4054	YML051W	GAL80	YMR153W	NUP53	C	-0.00438	0.037101753	NA
4056	YML051W	GAL80	YNL086W	SNN1	C	-0.00913	-0.054322208	NA
4057	YML051W	GAL80	YNL309W	STB1	C	-0.03263	NA	0.1451
4062	YML051W	GAL80	YOR232W	MGE1	C	0.04944	NA	0.1774
4067	YML051W	GAL80	YPL173W	MRPL40	C	0.00798	NA	0.2218
4068	YML054C-A		YPL070W	MUK1	C	0.05614	NA	NA
4069	YML055W	SPC2	YMR153W	NUP53	B	-0.0511	0.090833212	NA
4070	YML055W	SPC2	YNL125C	ESBP6	C	-0.01513	-0.001521269	-0.0921
4073	YML063W	RPS1B	YML064C	TEM1	C	-0.02022	NA	0.1384
4074	YML063W	RPS1B	YPL001W	HAT1	B	0.00145	NA	0.2431
4075	YML064C	TEM1	YML094W	GIM5	C	NA	NA	0.1768
4076	YML064C	TEM1	YMR077C	VPS20	C	NA	NA	0.1648
4077	YML064C	TEM1	YMR153W	NUP53	C	0.05032	NA	NA
4078	YML064C	TEM1	YMR232W	FUS2	D	0.02602	NA	0.1081
4080	YML064C	TEM1	YNL055C	POR1	D	NA	NA	-0.1623
4081	YML064C	TEM1	YNL086W	SNN1	C	0.01733	NA	NA
4082	YML064C	TEM1	YNL334C	SNO2	D	NA	NA	NA
4083	YML064C	TEM1	YOL111C	MDY2	C	0.0272	NA	0.0346
4084	YML064C	TEM1	YOL149W	DCP1	C	NA	NA	0.2408
4086	YML064C	TEM1	YOR060C	SLD7	D	NA	NA	0.2948
4089	YML064C	TEM1	YPL077C		D	NA	NA	NA
4091	YML064C	TEM1	YPL148C	PPT2	D	NA	NA	NA
4092	YML064C	TEM1	YPR045C	THP3	D	-0.05068	NA	0.1117
4093	YML064C	TEM1	YPR128C	ANT1	D	0.00706	NA	0.315
4094	YML064C	TEM1	YPR174C		D	0.00799	NA	NA
4098	YML088W	UFO1	YMR090W		C	0.03672	0.076340794	0.198
4099	YML088W	UFO1	YNL122C		C	0.02897	0.076290926	0.0569
4100	YML088W	UFO1	YOL086C	ADH1	C	NA	NA	0.0409
4101	YML088W	UFO1	YOR008C-A		C	-0.01139	0.128495068	NA
4102	YML088W	UFO1	YOR015W		C	NA	0.070057972	NA
4103	YML088W	UFO1	YOR110W	TFC7	B	NA	NA	0.4207
4104	YML094W	GIM5	YOR185C	GSP2	B	0.04334	NA	-0.1911
4106	YML097C	VPS9	YML097C	VPS9	D	NA	NA	NA
4109	YML108W		YPL225W		D	-0.021	0.177462343	0.3656
4113	YML121W	GTR1	YOR368W	RAD17	B	0.00595	-0.025110937	0.3134
4114	YML125C	PGA3	YMR153W	NUP53	C	0.02319	NA	NA
4115	YML125C	PGA3	YNR039C	ZRG17	D	0.00814	NA	0.1271
4116	YML130C	ERO1	YNL315C	ATP11	C	0.01421	NA	0.0257
4117	YML130C	ERO1	YPL135W	ISU1	C	-0.01697	NA	0.174
4120	YMR018W	PEX9	YMR077C	VPS20	C	-0.026	-0.16674119	NA
4121	YMR018W	PEX9	YMR264W	CUE1	C	-0.00717	0.023835359	NA
4122	YMR018W	PEX9	YNL117W	MLS1	D	NA	0.069439575	NA
4123	YMR018W	PEX9	YNL165W		D	0.02018	NA	NA
4124	YMR020W	FMS1	YMR265C		D	-0.0305	-0.03781707	NA
4127	YMR022W	UBC7	YMR264W	CUE1	C	0.42675	0.548541096	0.4852
4130	YMR032W	HOF1	YOL128C	YGK3	D	NA	NA	NA
4131	YMR032W	HOF1	YOR181W	LAS17	C	NA	NA	0.2381
4132	YMR042W	ARG80	YMR043W	MCM1	D	0.0017	NA	NA
4139	YMR052W	FAR3	YNL078W	NIS1	C	0.01301	-0.130212186	0.1009
4140	YMR052W	FAR3	YNL086W	SNN1	B	0.01066	0.145967353	NA
4141	YMR055C	BUB2	YMR232W	FUS2	D	0.01143	0.351585104	0.0293
4142	YMR055C	BUB2	YOR158W	PET123	C	NA	0.095867155	0.0944
4143	YMR055C	BUB2	YPL173W	MRPL40	C	0.05793	NA	0.2553
4144	YMR068W	AVO2	YMR094W	CTF13	B	0.02652	NA	0.189
4146	YMR068W	AVO2	YNL189W	SRP1	B	0.01017	NA	0.1121
4150	YMR077C	VPS20	YMR239C	RNT1	B	0.02105	NA	0.3003
4151	YMR077C	VPS20	YNL189W	SRP1	B	-0.02288	NA	0.2344
4152	YMR077C	VPS20	YOR275C	RIM20	B	0.3626	0.526834	0.4461
4153	YMR077C	VPS20	YPL002C	SNF8	B	0.32828	0.889166486	0.3055
4154	YMR077C	VPS20	YPL065W	VPS28	B	0.50276	0.853281788	0.5531
4157	YMR091C	NPL6	YNL189W	SRP1	B	NA	NA	0.3757
4158	YMR094W	CTF13	YMR168C	CEP3	A	0.10202	NA	0.4636
4166	YMR096W	SNZ1	YNL334C	SNO2	D	0.04454	-0.142702494	NA
4167	YMR100W	MUB1	YNL094W	APP1	D	-0.0185	0.040017682	0.2817
4174	YMR135C	GID8	YPL070W	MUK1	B	-0.01289	0.123222347	0.4545
4177	YMR146C	TIF34	YPL105C	SYH1	C	-0.01853	NA	0.4992
4178	YMR150C	IMP1	YMR276W	DSK2	C	0.03079	0.189427006	0.118
4179	YMR153W	NUP53	YMR153W	NUP53	A	NA	NA	NA
4180	YMR153W	NUP53	YNL111C	CYB5	C	-0.00391	-0.048354149	NA
4181	YMR153W	NUP53	YNL219C	ALG9	C	0.01496	-0.080117044	NA
4182	YMR153W	NUP53	YNL223W	ATG4	C	0.01593	NA	NA
4183	YMR153W	NUP53	YNL234W		C	0.03327	NA	NA
4184	YMR153W	NUP53	YNL280C	ERG24	C	0.01011	NA	NA
4185	YMR153W	NUP53	YPL191C		C	0.01669	-0.031871686	NA
4186	YMR153W	NUP53	YPR159C-A		C	0.03842	NA	NA
4187	YMR153W	NUP53	YPR174C		C	0.00232	0.36350892	NA
4188	YMR158W	MRPS8	YOR223W	DSC3	C	NA	NA	0.1101
4191	YMR168C	CEP3	YOL036W		C	0.0285	NA	0.3352
4192	YMR168C	CEP3	YOR279C	RFM1	B	0.00843	NA	0.2715
4193	YMR168C	CEP3	YPL173W	MRPL40	B	-0.07109	NA	0.2373
4198	YMR213W	CEF1	YNL189W	SRP1	B	-0.0601	NA	0.0193
4199	YMR213W	CEF1	YOL054W	PSH1	B	0.01058	NA	0.473
4200	YMR213W	CEF1	YOR158W	PET123	B	NA	NA	0.1787
4201	YMR213W	CEF1	YPL151C	PRP46	A	0.35539	NA	0.471
4202	YMR213W	CEF1	YPL173W	MRPL40	B	0.03535	NA	0.2674
4203	YMR214W	SCJ1	YNL086W	SNN1	C	0.04199	0.0816716	NA
4204	YMR214W	SCJ1	YOL132W	GAS4	D	-0.04984	-0.0554077	0.012
4208	YMR232W	FUS2	YNL189W	SRP1	C	0.028	NA	0.0835
4212	YMR239C	RNT1	YNL334C	SNO2	C	-0.02312	NA	NA
4213	YMR239C	RNT1	YOL149W	DCP1	B	-0.02658	NA	0.4144
4214	YMR239C	RNT1	YPL077C		C	-0.03815	NA	NA
4215	YMR240C	CUS1	YOR319W	HSH49	A	0.3374	NA	0.4986
4216	YMR244C-A	COA6	YPL222W	FMP40	D	-0.00584	-0.051433873	0.3715
4217	YMR256C	COX7	YPL112C	PEX25	C	-0.06079	NA	NA
4218	YMR265C		YPR072W	NOT5	C	NA	NA	NA
4219	YMR267W	PPA2	YMR267W	PPA2	D	NA	NA	NA
4221	YMR270C	RRN9	YOR158W	PET123	B	NA	NA	0.3737
4222	YMR276W	DSK2	YMR276W	DSK2	D	NA	NA	NA
4223	YMR276W	DSK2	YNL328C	MDJ2	C	-0.02994	-0.254933777	-0.0242
4224	YMR276W	DSK2	YPL096W	PNG1	D	-0.08635	0.297379741	0.2157
4231	YMR298W	LIP1	YNL173C	MDG1	D	-0.00808	NA	NA
4233	YMR298W	LIP1	YPR159W	KRE6	D	NA	NA	0.073
4241	YMR312W	ELP6	YPL101W	ELP4	A	0.60133	NA	0.4507
4246	YMR315W-A		YNL232W	CSL4	C	-0.01806	NA	NA
4259	YNL036W	NCE103	YOR157C	PUP1	C	-0.04893	NA	0.2083
4260	YNL037C	IDH1	YOR136W	IDH2	D	0.4017	NA	0.8826
4269	YNL044W	YIP3	YOR097C		D	-0.03604	0.105931275	NA
4271	YNL044W	YIP3	YPL199C		D	0.05554	-0.037155572	0.2415
4274	YNL051W	COG5	YPL059W	GRX5	C	NA	NA	0.0896
4275	YNL053W	MSG5	YPL135W	ISU1	D	-0.0662	0.100937609	0.3253
4276	YNL055C	POR1	YPR103W	PRE2	C	NA	NA	0.5158
4277	YNL055C	POR1	YPR107C	YTH1	C	-0.0073	NA	0.2286
4279	YNL073W	MSK1	YOR368W	RAD17	C	NA	NA	0.1193
4280	YNL075W	IMP4	YNL147W	LSM7	B	NA	NA	NA
4281	YNL075W	IMP4	YPL018W	CTF19	B	0.05879	NA	NA
4283	YNL084C	END3	YNL086W	SNN1	B	0.07501	0.198784473	NA
4284	YNL086W	SNN1	YNL086W	SNN1	A	NA	NA	NA
4285	YNL086W	SNN1	YNL107W	YAF9	B	0.01089	NA	NA
4286	YNL086W	SNN1	YNL189W	SRP1	B	-0.04002	NA	NA
4287	YNL086W	SNN1	YOL069W	NUF2	B	-0.01451	NA	NA
4290	YNL086W	SNN1	YPL065W	VPS28	B	0.00421	0.136146705	NA
4291	YNL086W	SNN1	YPL070W	MUK1	B	-0.01941	0.016360507	NA
4292	YNL086W	SNN1	YPR083W	MDM36	C	0.01353	0.229381144	NA
4293	YNL086W	SNN1	YPR105C	COG4	B	0.00438	NA	NA
4300	YNL093W	YPT53	YNL100W	MIC27	D	0.06682	0.376809886	0.3437
4304	YNL100W	MIC27	YNL131W	TOM22	C	NA	NA	0.4963
4305	YNL100W	MIC27	YOL147C	PEX11	D	0.01135	-0.012094574	0.2946
4306	YNL100W	MIC27	YPL099C	INA17	D	0.05638	0.204919197	0.4801
4307	YNL100W	MIC27	YPL112C	PEX25	D	-0.03642	0.118974475	0.2553
4308	YNL100W	MIC27	YPR128C	ANT1	D	-0.00513	0.077133472	0.3419
4313	YNL111C	CYB5	YNR039C	ZRG17	D	0.02724	-0.103381879	0.1461
4314	YNL111C	CYB5	YPR159W	KRE6	D	NA	NA	0.1247
4316	YNL116W	DMA2	YNL165W		D	0.01591	NA	0.3895
4319	YNL125C	ESBP6	YNL146W		D	0.08072	0.350680462	NA
4320	YNL125C	ESBP6	YNL234W		D	0.07166	NA	0.1034
4321	YNL125C	ESBP6	YOL073C	DSC2	D	0.07371	NA	0.2992
4322	YNL125C	ESBP6	YPL096C-A	ERI1	C	-0.02946	NA	NA
4323	YNL125C	ESBP6	YPL192C	PRM3	D	-0.062	0.189919726	NA
4324	YNL125C	ESBP6	YPL218W	SAR1	C	NA	NA	0.0023
4325	YNL125C	ESBP6	YPR170W-B		D	NA	NA	NA
4327	YNL130C	CPT1	YPR159W	KRE6	D	NA	NA	0.1596
4331	YNL136W	EAF7	YPR023C	EAF3	A	0.06972	NA	0.0033
4332	YNL146W		YNR039C	ZRG17	D	-0.02524	0.356185572	NA
4333	YNL147W	LSM7	YOR159C	SME1	A	NA	NA	NA
4334	YNL147W	LSM7	YOR167C	RPS28A	B	-0.01301	0.130077849	NA
4335	YNL147W	LSM7	YPR178W	PRP4	A	0.24079	NA	NA
4336	YNL147W	LSM7	YPR182W	SMX3	A	0.03563	NA	NA
4337	YNL153C	GIM3	YOR158W	PET123	B	NA	NA	0.0828
4338	YNL153C	GIM3	YPL173W	MRPL40	B	0.00866	NA	0.2177
4339	YNL153C	GIM3	YPL188W	POS5	C	NA	NA	0.1619
4341	YNL156C	NSG2	YOL044W	PEX15	D	0.05886	NA	NA
4346	YNL189W	SRP1	YOL111C	MDY2	B	-0.00542	NA	0.048
4347	YNL189W	SRP1	YOR018W	ROD1	C	-0.02265	NA	0.1466
4349	YNL189W	SRP1	YOR023C	AHC1	B	-0.01247	NA	0.0325
4353	YNL189W	SRP1	YOR279C	RFM1	B	-0.01215	NA	0.1781
4356	YNL189W	SRP1	YOR388C	FDH1	C	0.04619	NA	0.0484
4358	YNL189W	SRP1	YPL059W	GRX5	C	NA	NA	0.2332
4361	YNL189W	SRP1	YPL148C	PPT2	C	0.00281	NA	NA
4362	YNL189W	SRP1	YPL157W	TGS1	C	0.01405	NA	0.1697
4363	YNL189W	SRP1	YPL173W	MRPL40	B	0.03748	NA	0.2463
4364	YNL189W	SRP1	YPL188W	POS5	C	NA	NA	0.3056
4368	YNL193W		YPL180W	TCO89	C	NA	0.070893192	NA
4369	YNL193W		YPR015C		D	NA	-0.005599363	NA
4371	YNL200C	NNR1	YNL200C	NNR1	D	NA	NA	NA
4375	YNL204C	SPS18	YOR223W	DSC3	D	NA	-0.063797299	NA
4376	YNL214W	PEX17	YPL112C	PEX25	C	0.15944	0.355550221	NA
4383	YNL230C	ELA1	YPL046C	ELC1	A	0.02132	0.164437188	NA
4390	YNL264C	PDR17	YPL272C	PBI1	D	0.06246	0.096568281	0.044
4391	YNL268W	LYP1	YPR159W	KRE6	D	NA	NA	0.5326
4394	YNL280C	ERG24	YPR159W	KRE6	D	NA	NA	0.1333
4396	YNL287W	SEC21	YPL010W	RET3	A	0.19703	NA	0.3821
4400	YNL290W	RFC3	YOL094C	RFC4	A	NA	NA	0.653
4406	YNL333W	SNZ2	YNL334C	SNO2	D	0.02026	0.162057827	NA
4407	YNR004W	SWM2	YPL157W	TGS1	D	0.31723	NA	NA
4408	YNR010W	CSE2	YOL139C	CDC33	B	NA	NA	NA
4416	YNR039C	ZRG17	YOR067C	ALG8	D	0.05236	-0.131565584	0.2882
4417	YNR039C	ZRG17	YPL096C-A	ERI1	C	0.02282	NA	NA
4418	YNR039C	ZRG17	YPL191C		D	-0.01691	-0.080680578	0.2853
4419	YNR039C	ZRG17	YPL218W	SAR1	C	NA	NA	0.0783
4420	YNR039C	ZRG17	YPR170W-B		D	NA	NA	NA
4421	YNR039C	ZRG17	YPR174C		D	0.04104	-0.340966198	NA
4422	YNR046W	TRM112	YOL124C	TRM11	D	0.02719	NA	0.5668
4426	YOL002C	IZH2	YPR159W	KRE6	D	NA	NA	0.3147
4432	YOL044W	PEX15	YPL192C	PRM3	D	0.00466	-0.123655338	NA
4433	YOL044W	PEX15	YPL218W	SAR1	C	NA	NA	NA
4434	YOL054W	PSH1	YPL093W	NOG1	B	-0.02526	NA	0.3072
4439	YOL085C		YPL070W	MUK1	C	0.04993	0.130748356	NA
4441	YOL111C	MDY2	YOL111C	MDY2	A	NA	NA	NA
4444	YOL128C	YGK3	YPR175W	DPB2	C	NA	NA	NA
4446	YOL139C	CDC33	YOR276W	CAF20	B	NA	NA	0.6698
4451	YOR015W		YPR170W-B		D	NA	NA	NA
4453	YOR034C	AKR2	YOR171C	LCB4	D	0.0279	NA	NA
4455	YOR039W	CKB2	YOR061W	CKA2	A	0.23906	0.269023037	0.6726
4460	YOR066W	MSA1	YPR120C	CLB5	D	0.02301	0.109383587	0.3524
4461	YOR069W	VPS5	YOR132W	VPS17	A	0.28984	0.798334817	0.4368
4462	YOR075W	UFE1	YPL070W	MUK1	B	0.00254	NA	0.2797
4467	YOR117W	RPT5	YOR259C	RPT4	A	0.48452	NA	0.8373
4468	YOR123C	LEO1	YPL173W	MRPL40	B	-0.02929	NA	0.3089
4474	YOR158W	PET123	YOR368W	RAD17	B	NA	-0.013447398	0.4077
4475	YOR158W	PET123	YPL077C		C	NA	0.188350845	NA
4476	YOR158W	PET123	YPL166W	ATG29	B	NA	-0.006887179	0.1679
4477	YOR159C	SME1	YOR368W	RAD17	B	-0.05977	NA	0.2791
4483	YOR176W	HEM15	YPL018W	CTF19	C	NA	NA	NA
4487	YOR226C	ISU2	YPR072W	NOT5	C	NA	NA	0.09
4492	YOR269W	PAC1	YPR040W	TIP41	D	0.02991	-0.13442108	0.225
4494	YOR279C	RFM1	YPR017C	DSS4	C	0.03428	-0.037593949	NA
4499	YOR368W	RAD17	YPL002C	SNF8	B	0.03178	0.05140834	0.2488
4500	YOR368W	RAD17	YPL146C	NOP53	C	0.00836	NA	0.2863
4501	YOR368W	RAD17	YPL148C	PPT2	C	0.06509	NA	NA
4502	YOR368W	RAD17	YPL194W	DDC1	A	0.64494	0.84807847	0.3528
4503	YOR368W	RAD17	YPL268W	PLC1	C	NA	NA	0.298
4507	YPL002C	SNF8	YPL065W	VPS28	B	0.35209	0.903657138	0.2936
4511	YPL031C	PHO85	YPL219W	PCL8	B	0.01719	NA	0.2207
4512	YPL032C	SVL3	YPL032C	SVL3	D	NA	NA	NA
4517	YPL068C		YPL128C	TBF1	C	0.08024	NA	NA
4521	YPL077C		YPL166W	ATG29	C	0.00658	0.284008315	NA
4522	YPL077C		YPR083W	MDM36	D	0.0464	0.187772552	NA
4528	YPL107W		YPL222W	FMP40	D	-0.03843	0.100443494	0.4075
4530	YPL112C	PEX25	YPR128C	ANT1	D	0.12639	0.445811488	0.3697
4533	YPL129W	TAF14	YPL188W	POS5	C	NA	NA	0.2357
4534	YPL151C	PRP46	YPR083W	MDM36	C	0.02634	NA	0.1871
4535	YPL157W	TGS1	YPL157W	TGS1	D	NA	NA	NA
4538	YPL192C	PRM3	YPR159W	KRE6	D	NA	NA	NA
4540	YPL218W	SAR1	YPR174C		C	NA	NA	NA
4541	YPL264C		YPR159W	KRE6	D	NA	NA	0.2428
4543	YPR006C	ICL2	YPR006C	ICL2	D	NA	NA	NA
4544	YPR018W	RLF2	YPR018W	RLF2	A	NA	NA	NA
4548	YPR083W	MDM36	YPR083W	MDM36	D	NA	NA	NA
4550	YPR113W	PIS1	YPR159W	KRE6	D	NA	NA	0.3577
4552	YPR128C	ANT1	YPR128C	ANT1	D	NA	NA	NA
4553	YPR159W	KRE6	YPR174C		D	NA	NA	NA
4554	YPR170W-B		YPR174C		D	NA	NA	NA
4555	YPR174C		YPR174C		D	NA	NA	NA